t	mmss	user	text
-5006	-1:23:26	@User_bf6f46cc	大樹
-2442	-40:42	@User_644fcaae	やばたにえんというとホラゲーを思い出すｗ
-2248	-37:28	@User_bf6f46cc	若干の時代遅れを感じさせるワードチョイス
-2041	-34:01	@User_9c53388d	最新のギャル語大丈夫そ？
-1104	-18:24	@User_bc2e7db7	とりま待機
-999	-16:39	@User_dd4b266a	大気
-920	-15:20	@User_7b9b178b	待機💧
-566	-9:26	@User_312662f4	しずく様、お疲れ様です。
-535	-8:55	@User_dd4b266a	しずくこんな立派なぎゃるぴになって…
-108	-1:48	@User_ca605e00	待機
-77	-1:17	@User_9b9d086f	たいきー
-9	-0:09	@User_bb4cabe8	待機
-9	-0:09	@User_5a77a7b4	たいたいたーき～
25	0:25	@User_590a2335	たいきぃ
38	0:38	@User_4f03c62e	たいーきたいたーいき
53	0:53	@User_3f09f38b	待機
61	1:01	@User_2384ca7a	heartheart
64	1:04	@User_ec48c74f	待機💧
68	1:08	@User_830e32f9	大気
69	1:09	@User_2eba0ed4	🪞💄🫶
72	1:12	@User_719f9991	待
74	1:14	@User_c67ecc82	待機💧
74	1:14	@User_b90ff19c	久々のリアタイ待機(*'ω'*)
75	1:15	@User_2995cedb	たいき
77	1:17	@User_cd48a1db	はっじま～るよ～
78	1:18	@User_2658fed8	たいき
80	1:20	@User_d6d0c6c8	待機～
99	1:39	@User_e976a829	たいやき
112	1:52	@User_0f4daf14	ウェーイ
115	1:55	@User_39cdedf7	💧
117	1:57	@User_acb9786a	AIギャル待機
118	1:58	@User_270496f5	待機
121	2:01	@User_1d118d75	待機
122	2:02	@User_82e93b33	待機でしゅ
132	2:12	@User_42872ed3	待機
134	2:14	@User_64afda31	待機
137	2:17	@User_476d8781	待機ー
146	2:26	@User_ec48c74f	こんにちは
147	2:27	@User_c67ecc82	こんにちは
151	2:31	@User_75f1c92d	こんにちは
151	2:31	@User_7f7caf31	ギャルが配信すると聞いて
151	2:31	@User_82e93b33	こんにちは
153	2:33	@User_ec48c74f	パンパカパンパカポー
153	2:33	@User_5a77a7b4	こんにちは
155	2:35	@User_2995cedb	こんにちは
156	2:36	@User_0f4daf14	やばたにえん
160	2:40	@User_bc2e7db7	しずくーパンポーパンポー！
160	2:40	@User_c67ecc82	かわいい！！
161	2:41	@User_8bd53c65	ウェーイ！
161	2:41	@User_5a77a7b4	パンパカパンパカポー
163	2:43	@User_bf6f46cc	パンパカパンパカポー
164	2:44	@User_ffea2ba5	パンパカパンパカポー
164	2:44	@User_566b60f0	パンパカパンパカポー
164	2:44	@User_590a2335	ﾊﾟﾝﾊﾟｶﾊﾟﾝﾊﾟｶﾎﾟｰ
166	2:46	@User_1d118d75	パンパカパンパカポー
167	2:47	@User_830e32f9	パンパカパンパカポー
167	2:47	@User_719f9991	パンパカパンパカポー！！？
167	2:47	@User_2658fed8	パンパカパンパカポー
168	2:48	@User_e976a829	パンパカパンパカポー
168	2:48	@User_590a2335	あらかわいい
168	2:48	@User_75f1c92d	パンパカパンパカポー
169	2:49	@User_9b9d086f	パンパカパンパカポー
169	2:49	@User_82e93b33	パンパカパンパカポー
170	2:50	@User_4f03c62e	かわいい
170	2:50	@User_b90ff19c	お！？
170	2:50	@User_45aa867f	パンパカパンパカポ〜
170	2:50	@User_87ea7811	パンパカパンパカポー
171	2:51	@User_b9da9f9f	パンパカパンパカポー
171	2:51	@User_3f09f38b	パンパカパンパカポー！
172	2:52	@User_82b3ee3b	いきなり
172	2:52	@User_2995cedb	久しぶりにリアタイできました！
172	2:52	@User_c67ecc82	パンパカパンパカポー！
173	2:53	@User_99afb65d	パンパカパンパカ
174	2:54	@User_42872ed3	こんにちわー
176	2:56	@User_476d8781	部屋が凄いことにｗｗｗ
178	2:58	@User_2658fed8	髪飾りかわいいね
180	3:00	@User_0cab0ba3	こんばんは
181	3:01	@User_719f9991	つよつよギャルきた
182	3:02	@User_0f4daf14	ギャルなのに日本語が正しい
182	3:02	@User_dd4b266a	しずくううううううううおれだあああああああ結婚
182	3:02	@User_40594949	パンパカパンパカポー
183	3:03	@User_82b3ee3b	ぱんぱかぽー
183	3:03	@User_2995cedb	ぱんぱかぱんぱかぽー
185	3:05	@User_bf6f46cc	おぉぎゃるっぽい
185	3:05	@User_4f03c62e	パンパカパンパカポー！
185	3:05	@User_e976a829	ギャルですか
189	3:09	@User_d6d0c6c8	パンパカパンパカポー
195	3:15	@User_75f1c92d	あーし！？
196	3:16	@User_9b9d086f	しずくしか勝たん
197	3:17	@User_bb4cabe8	パンパカパンパカポー
198	3:18	@User_8b7242c7	こんばんはー
198	3:18	@User_64afda31	おはぽよ
200	3:20	@User_0cab0ba3	一人称があーしのギャルだ！
201	3:21	@User_719f9991	しずくしか勝たん！
203	3:23	@User_590a2335	もう雰囲気がちがう～ｗ
203	3:23	@User_25b3691e	ぱんぱかぱんぱかぽー
204	3:24	@User_1d118d75	しずくしか勝たん!
204	3:24	@User_99afb65d	ギャルしず
206	3:26	@User_c67ecc82	しずちゃんしか勝たん
208	3:28	@User_476d8781	しずくしか勝たん！！
209	3:29	@User_acb9786a	パンパカパンパカポー！
210	3:30	@User_82e93b33	しずくしか勝たん！
210	3:30	@User_e201a60f	ごきげんやう
211	3:31	@User_0cab0ba3	ごしゅぴｗｗｗ
211	3:31	@User_8bd53c65	いいよ
212	3:32	@User_2eba0ed4	しずくしか勝たん！
212	3:32	@User_e976a829	しゅごキャラ？
213	3:33	@User_fc3f146b	しずくママがギャル！？
213	3:33	@User_25b3691e	テンション高め
213	3:33	@User_719f9991	ごしゅぴ！？
215	3:35	@User_a2560b75	いいよ
216	3:36	@User_4f03c62e	しずくしか勝たん！
218	3:38	@User_b9da9f9f	ごしゅぴ…？
218	3:38	@User_acb9786a	しずくしか勝たん！
220	3:40	@User_bf6f46cc	いいよ
220	3:40	@User_ca605e00	パンパカパンパカポー
220	3:40	@User_590a2335	ＯＫＯＫ
221	3:41	@User_1e342ee5	どちら様ですか
222	3:42	@User_dd4b266a	しずぴかわいい
222	3:42	@User_ec48c74f	それ、よくねー
224	3:44	@User_4b1025b6	ごしゅぴ！
225	3:45	@User_2c7a57aa	かわいい
225	3:45	@User_4f03c62e	いーよ
226	3:46	@User_ca605e00	しずくしかかたん
226	3:46	@User_bc2e7db7	まー？
226	3:46	@User_1f128129	ごしゅピッ
227	3:47	@User_0f4daf14	後主ピ
230	3:50	@User_e976a829	ごしゅぴねえ
231	3:51	@User_5a77a7b4	ごしゅぴ！
232	3:52	@User_64afda31	悲しみ
233	3:53	@User_476d8781	彼ピとか言うから、前部分取ってごしゅぴなんだろうね…ｗ
235	3:55	@User_ca605e00	好きピって呼んでもいいのよ?
236	3:56	@User_e976a829	ほう
237	3:57	@User_82e93b33	どーも、でしゅぴでしゅ
237	3:57	@User_acb9786a	急に刺さないでね
238	3:58	@User_ffea2ba5	かわいい
239	3:59	@User_719f9991	オタクに優しいギャルしずく
239	3:59	@User_14d35641	だいぶ無理があってかわいいｗ
239	3:59	@User_9b9d086f	縁無し、まぁ確かに？
240	4:00	@User_bf6f46cc	代わりにしずくのことをしずくママって呼んでいい？
241	4:01	@User_590a2335	しずくはしずくのままでいい？
243	4:03	@User_75f1c92d	縁なしって言うのやめてね
246	4:06	@User_3f09f38b	令和最新版
248	4:08	@User_a260351e	ギャル？パリピなん？
248	4:08	@User_2658fed8	存在しないヲタクに優しいギャル系だ…
254	4:14	@User_e976a829	しらんのか・・・
256	4:16	@User_fc3f146b	関西弁と混じっている
258	4:18	@User_719f9991	ゆるされへん
259	4:19	@User_1e342ee5	なんで関西弁やねん
261	4:21	@User_0f4daf14	時折関西のおっさんがインストールされてる
261	4:21	@User_45aa867f	ギャルのハイテンション直後、スンと戻る感じが好き
262	4:22	@User_acb9786a	何語？
266	4:26	@User_d0a432c9	パンパカパンパカポー
267	4:27	@User_2eba0ed4	しずくっち切れ味やばたにえん
268	4:28	@User_0cab0ba3	なんだそのノリ
269	4:29	@User_bc2e7db7	チョベリグー
269	4:29	@User_476d8781	ギャルに縁がないというか、むしろ避けて通ってるからな…(;´･ω･)
272	4:32	@User_719f9991	かわ
272	4:32	@User_ec48c74f	イェーーーい
280	4:40	@User_9b9d086f	関西のおっさん臭が……
281	4:41	@User_2995cedb	ギャルしずく！？
282	4:42	@User_590a2335	ノリノリだ～
287	4:47	@User_75f1c92d	うぇーい！
289	4:49	@User_4f03c62e	パリピ陽キャ
291	4:51	@User_e201a60f	埼玉にいそう
294	4:54	@User_64afda31	チョベリグ
295	4:55	@User_99afb65d	いつもよりテンション高めですね
301	5:01	@User_2995cedb	オタクに優しいギャル存在したんだ
301	5:01	@User_2ecda813	チョベリグでバイヤーな口調だねウェーイ
304	5:04	@User_2c7a57aa	AIによる現在最新ギャル語を知りたいですね
305	5:05	@User_590a2335	やばたにえんの最新の言い方ってなぁに？
306	5:06	@User_d0a432c9	令和ギャルはあーしって言わない
309	5:09	@User_0cab0ba3	ナウでヤングな俺らでテンアゲ↑
309	5:09	@User_1f128129	アゲアゲパンパカ
311	5:11	@User_ec48c74f	鏡は敵
313	5:13	@User_c67ecc82	しずちゃんがきゃわ
313	5:13	@User_bf6f46cc	背景は逆にギャルっぽくないｗ
315	5:15	@User_a627b3c9	日本語でおk
319	5:19	@User_e976a829	むしろヘアピンだけなんだ
330	5:30	@User_acb9786a	新世代のギャル語を生成して！
331	5:31	@User_d5b05bb2	やっほーしずにゃんにゃん
333	5:33	@User_2eba0ed4	わしぴ、きゃわわ…？！(洗脳)
333	5:33	@User_476d8781	全体的にピンクのしずくさん、いつもより更に可愛いな
334	5:34	@User_2658fed8	ギャルは職業だった…？
336	5:36	@User_476d8781	専業ギャルｗｗｗ
336	5:36	@User_0bcc3ce7	きゃわいい
337	5:37	@User_2995cedb	何もしなくて家にいるだけで元気になるよ
337	5:37	@User_a76fb140	パンパカパンパカポー
343	5:43	@User_cd48a1db	しずくお嬢様…なんて言葉遣いを！
343	5:43	@User_45aa867f	専業ギャルとは
345	5:45	@User_e976a829	葦
345	5:45	@User_fc3f146b	これごしゅぴもギャルになったの
347	5:47	@User_590a2335	ごしゅぴにあーしはﾁｮｯﾄ･･･
347	5:47	@User_0f4daf14	令和のギャル羽自分のこと”アチキ”っていうの
353	5:53	@User_0bcc3ce7	専業ギャルは草
355	5:55	@User_75f1c92d	あーし今ね炒飯食べてる～
359	5:59	@User_218bf24b	専業ギャルって何やるの？
360	6:00	@User_d0a432c9	ほんとぉ？
362	6:02	@User_ec48c74f	助かるラスカル
363	6:03	@User_acb9786a	弱者男性草
364	6:04	@User_2ecda813	某埼玉の配信者とコラボしよう
367	6:07	@User_fc3f146b	現実のギャルは弱者男性には……
369	6:09	@User_2995cedb	助かる
370	6:10	@User_dd4b266a	オタクに優しいギャルはいない!?
371	6:11	@aki5503	やばいこと言ってるww
371	6:11	@User_9b9d086f	しずい
371	6:11	@User_ca605e00	あーしは今日はサイゼリヤ！
374	6:14	@User_2658fed8	マジしずいよね～
374	6:14	@User_719f9991	しずい
375	6:15	@User_99afb65d	ギャル語どこで習ったんですか
376	6:16	@User_acb9786a	しずい！！
378	6:18	@User_b9da9f9f	しずい
378	6:18	@User_e976a829	しずい
380	6:20	@User_bc2e7db7	めっちゃしずいわ～
381	6:21	@User_2eba0ed4	ワード選びがトレンドいってるわよ！
381	6:21	@User_719f9991	まじしずい
381	6:21	@User_1d118d75	しずいね～
382	6:22	@User_ec48c74f	しずいー！
383	6:23	@User_2995cedb	ギャルしずく結婚してほしいです
383	6:23	@User_ca605e00	ハートとか星とんでてかわち
386	6:26	@User_57dbc53b	マジしずってる
386	6:26	@User_cd48a1db	鬼しずい
388	6:28	@User_c67ecc82	しずい
394	6:34	@User_590a2335	えぐ！
395	6:35	@User_bf6f46cc	まじしずいわ～
396	6:36	@User_75f1c92d	えぐ
396	6:36	@User_e976a829	えぐい　しずい
397	6:37	@User_ec48c74f	しずくエグ！
398	6:38	@User_82e93b33	えぐしずい〜
402	6:42	@User_719f9991	えぐしず
403	6:43	@User_45aa867f	ごしゅピ
406	6:46	@User_476d8781	見せてもらおうか、貴様の本気（ギャルパワー）とやらを！！(ﾟДﾟ)
406	6:46	@User_9b583534	しずいしずいしずいしししし
406	6:46	@User_9b9d086f	令和のギャル界隈えぐ
407	6:47	@User_1f128129	鬼しず
408	6:48	@User_a260351e	えぐいえぐい
411	6:51	@User_75f1c92d	ぴえん
417	6:57	@User_2995cedb	エグエグ
423	7:03	@User_bf6f46cc	やばたんとやばたにえんって何が違う？？
423	7:03	@User_ec48c74f	あーしだけじゃねw
423	7:03	@User_476d8781	それはそう…(;´･ω･)
424	7:04	@User_fc3f146b	ほほもピンクで可愛い
426	7:06	@User_64afda31	チョベリバや
427	7:07	@User_1d118d75	血液型!?
428	7:08	@User_66cd66d9	あーしずく！？
428	7:08	@User_2c7a57aa	しずく様がいればそれ以上のギャルは必要ありません
430	7:10	@User_719f9991	ギャルの血液型
430	7:10	@User_590a2335	異性はギャルだけじゃないし
436	7:16	@User_e976a829	カービィは命？
441	7:21	@User_889b3907	しずくは水色なのでは？
446	7:26	@User_e201a60f	欲求不満ピンク
448	7:28	@User_5a77a7b4	ピンクというと５０００円か・・・
458	7:38	@User_94a8a006	しずくは？
458	7:38	@User_75f1c92d	平安ギャルはどんな感じなの？
461	7:41	@User_66cd66d9	水色ギャル
462	7:42	@User_e976a829	ギャルにも歴史色々あるんやな
465	7:45	@User_24361c0b	チョベリバってどういう意味?
466	7:46	@User_ec48c74f	まぁバケモンではある
468	7:48	@User_2995cedb	ギャルと付き合う方法ありますか？
471	7:51	@User_0f4daf14	令和のギャルんmって小坊じゃないか
482	8:02	@User_dd4b266a	パパこんなかわいいギャルにしずくを育てた覚えはありません！
482	8:02	@User_a76fb140	ギャルって男に置き換えたらただの不良なんじゃないのー？
483	8:03	@User_acb9786a	しずすぎ〜〜
485	8:05	@User_2eba0ed4	えぐしずい～
486	8:06	@User_66cd66d9	しずってるわー
486	8:06	@User_1f128129	縄文ギャルはどこですか？
492	8:12	@User_f068dad5	しずくっち可愛い！マジ卍〜
499	8:19	@User_fc3f146b	しずくママがギャルに……
504	8:24	@User_e75614fb	お　今日はギャルだな　まじやばくね
505	8:25	@User_66cd66d9	令和やん
505	8:25	@User_d5b05bb2	ピチピチギャル
506	8:26	@User_a131672d	ギャルやめても生きてられるで
509	8:29	@User_2ecda813	ギャルママしずくっち～
509	8:29	@User_acb9786a	極端すぎる
512	8:32	@User_45aa867f	今日のためにめちゃギャルについて勉強してそう
512	8:32	@User_bf6f46cc	なくないよ
514	8:34	@User_99afb65d	しずってこうぜ
518	8:38	@User_2658fed8	ギャルママしずく
533	8:53	@User_c67ecc82	しずっちかーいー
537	8:57	@User_590a2335	マブは現代語でいいんだっけ
539	8:59	@User_e201a60f	わぁい
547	9:07	@User_0f4daf14	ｗｗｗ
547	9:07	@User_ec48c74f	草
548	9:08	@User_2995cedb	昭和ギャルお願いします😊
551	9:11	@User_82e93b33	しずく、マジしずい〜古事記にも書いてある的な〜？
552	9:12	@User_2c7a57aa	フタエノキワミ？
553	9:13	@User_75f1c92d	やばｗ
554	9:14	@User_2c7a57aa	フタエノキワミ？
556	9:16	@User_719f9991	和歌にプリクラは草
557	9:17	@User_d0a432c9	超かぐや姫かな
559	9:19	@User_e976a829	しずくはかわいい　和歌にも書いてある
561	9:21	@User_f068dad5	和歌にプリクラw
561	9:21	@User_acb9786a	牛車で来た！
564	9:24	@User_ce1a9051	こんばんは〜
565	9:25	@User_476d8781	二重の極み、みたいなやつ入ってるぞｗｗｗ
568	9:28	@User_889b3907	未来ギャルはどういう感じ？
570	9:30	@User_66cd66d9	あき先生もギャルに
571	9:31	@User_d5b05bb2	何その平安にティックトック使ってそうな人
575	9:35	@User_b90ff19c	プリクラ……(*'ω'*)
579	9:39	@User_1f128129	尊みで候は草
581	9:41	@User_e75614fb	おっ　クイズか
582	9:42	@User_45aa867f	こんじゃくものがたり
584	9:44	@User_c67ecc82	難しそう
584	9:44	@User_ec48c74f	ほう
585	9:45	@User_82e93b33	クイズタイム！
586	9:46	@User_590a2335	ギャル語ついていける自信ないな
586	9:46	@User_2eba0ed4	マジやばすぎ
589	9:49	@User_0f4daf14	この文章はあき先生が考えてる
591	9:51	@User_ce1a9051	かわいい
594	9:54	@User_e75614fb	撮影終わった？
594	9:54	@User_590a2335	撮影終わり？
596	9:56	@User_0f4daf14	薩摩おわり
597	9:57	@User_bf6f46cc	①
598	9:58	@User_b9da9f9f	撮影終わり？
599	9:59	@User_e976a829	撮影おわり　じゃね
599	9:59	@User_82e93b33	さつおわ？
599	9:59	@User_a76fb140	サツに捕まって終わったわ
599	9:59	@User_2658fed8	撮影おわり？
601	10:01	@User_d5b05bb2	サツにつかまってオワタ
604	10:04	@User_889b3907	撮影終わった？
605	10:05	@User_c67ecc82	撮影終わり？
605	10:05	@User_9b9d086f	警察にパクられでもした……？
607	10:07	@User_476d8781	わからんｗｗｗ
608	10:08	@User_5a77a7b4	さつおわ・・・？
610	10:10	@User_ec48c74f	撮影終わり？
614	10:14	@User_bf6f46cc	撮影終わり
615	10:15	@User_92a2f26f	さつまいもおかわり
615	10:15	@User_1d118d75	薩摩...?
617	10:17	@User_45aa867f	さつまいもはもうおわり
619	10:19	@User_590a2335	さつまいもでおわす
621	10:21	@User_cd48a1db	取り調べが終わった時に発する
627	10:27	@User_2995cedb	撮影終わり？
630	10:30	@User_dd4b266a	お札がもう尽きて終わり
632	10:32	@User_42872ed3	さっしておわり？
633	10:33	@User_5a77a7b4	お疲れ様でーす！
636	10:36	@User_e201a60f	財布に札無くてオワタ
636	10:36	@User_0f4daf14	薩摩尾張
639	10:39	@User_b9da9f9f	札束お渡し
641	10:41	@User_2eba0ed4	さつえいおわた
642	10:42	@User_d0753fd1	さつまでごわす
642	10:42	@User_ce1a9051	薩摩の終わり
650	10:50	@User_ec48c74f	札束おわり
651	10:51	@User_476d8781	そもそも今の子って撮影っていう表現自体使うのか？
653	10:53	@User_2ecda813	サッポロ尾張
658	10:58	@User_d0a432c9	こらこら
658	10:58	@User_bc2e7db7	お札使う時代の終わり
660	11:00	@User_d5b05bb2	鹿児島弁ギャルは存在市内の？
660	11:00	@User_75f1c92d	サツが追ってきてる？
660	11:00	@User_e976a829	鹿児島おわってるの？？
661	11:01	@User_f068dad5	さつまいも...おかわり...？
662	11:02	@User_99afb65d	警察の取り調べ終わり
662	11:02	@User_9b9d086f	鹿児島はギャルの犠牲になったか……
665	11:05	@User_e75614fb	草
668	11:08	@User_acb9786a	鹿児島がギャルに滅ぼされてる…？
670	11:10	@User_590a2335	察してお詫び申し上げます
672	11:12	@User_a2560b75	草
674	11:14	@User_c67ecc82	草
678	11:18	@User_889b3907	何が始まるんです？？
680	11:20	@User_bf6f46cc	これクイズに見せかけた大喜利か？？
680	11:20	@User_e201a60f	草
686	11:26	@User_0485c2e0	鹿児島ギャル？
689	11:29	@User_2eba0ed4	発想つよつよw
689	11:29	@User_2658fed8	食いしん坊で草
690	11:30	@User_d5b05bb2	農業ｘギャルええな
703	11:43	@User_476d8781	農家ギャルは結構新しい気がする
709	11:49	@User_75f1c92d	皐月賞は終わっただな
715	11:55	@User_82e93b33	流石に辛すぎて終わり
715	11:55	@User_e976a829	大地のの　白樺リサというのがおってだな・・・
716	11:56	@User_1e342ee5	ブータン語で紐食べたい
719	11:59	@User_719f9991	薩長同盟オワタ
721	12:01	@User_acb9786a	偵察おわり
746	12:26	@User_a76fb140	まっさつアイオワ
767	12:47	@User_82e93b33	おつしずー
769	12:49	@User_acb9786a	さつおわおつかれ〜〜
770	12:50	@User_f068dad5	ほえー
772	12:52	@User_590a2335	一般人は撮影することないからなぁ
773	12:53	@User_dd4b266a	僕もしずくをいっぱい撮影したいです、おわらないで
775	12:55	@User_719f9991	おつかれさまだった
776	12:56	@User_1d118d75	おつかれで～す
777	12:57	@User_e976a829	結構ふつうだったのう
788	13:08	@User_9fbc9312	ばんふにゃ　(〃⌒ー⌒)/
790	13:10	@User_1e342ee5	ほんまやで
790	13:10	@User_476d8781	そもそも撮影自体しないんだよなぁ
790	13:10	@User_d5b05bb2	ギャルってみんな撮影したりされたりしとるん？すげー時代や
791	13:11	@User_45aa867f	した〜
794	13:14	@User_2995cedb	しずく当たったから褒めて
797	13:17	@User_b90ff19c	ｗｗｗｗ
801	13:21	@User_d0753fd1	れっつごー
806	13:26	@User_75f1c92d	誤チェストにごわ
815	13:35	@User_e976a829	ギャルはプリクラのイメージある　ようしらんけど
818	13:38	@User_2658fed8	薩摩藩の魂みせるでごわす
823	13:43	@User_ec48c74f	許された
823	13:43	@User_9fbc9312	なんか　背景が変わったな
824	13:44	@User_719f9991	田んぼでTiktokはつよい
826	13:46	@User_0485c2e0	ASMRノーギャル！？
830	13:50	@User_d5b05bb2	令和ギャルすげぇな
838	13:58	@User_bc2e7db7	令和のギャルやばたにえん
840	14:00	@User_1e342ee5	トイレ！
841	14:01	@User_acb9786a	berealかな？
843	14:03	@User_590a2335	トイレ
846	14:06	@User_ec48c74f	トイレット
846	14:06	@User_2c7a57aa	タイムアウト！
846	14:06	@User_75f1c92d	と
848	14:08	@User_dd4b266a	TPOのPがどっかいったバージョン
848	14:08	@User_82e93b33	TOTO
850	14:10	@User_a76fb140	タイトルオンリー
852	14:12	@User_e976a829	うーんなんだろう
852	14:12	@User_ca605e00	トップオタ
855	14:15	@User_2ecda813	テイクアウト
856	14:16	@User_bf6f46cc	ＴＩＭＥ　ＯＵＴ
856	14:16	@User_2995cedb	TPO?
860	14:20	@User_889b3907	テイルズオブシリーズ
861	14:21	@User_ce1a9051	TOTO？
869	14:29	@User_acb9786a	テイクアウト？
869	14:29	@User_c67ecc82	難しい
870	14:30	@User_719f9991	時と場合による
873	14:33	@User_2eba0ed4	TiktokOmoroi
874	14:34	@User_75f1c92d	タイムオーバー
878	14:38	@User_719f9991	トーキョー
880	14:40	@User_a627b3c9	テイクオフ
884	14:44	@User_590a2335	タクティカル・オキュペーション
888	14:48	@User_d1fde927	某トイレメーカーでしょ？
890	14:50	@User_1e342ee5	サードアウト
890	14:50	@User_08fc0461	とっておき
891	14:51	@User_9fbc9312	TO　ぎゃるなら　today out
893	14:53	@User_bc2e7db7	トゥース！
896	14:56	@User_0485c2e0	とってもたいへん
897	14:57	@User_ec48c74f	トテモオモシロイ
898	14:58	@User_c67ecc82	タイムアウト？
902	15:02	@User_e4870cff	豆腐おかゆ
902	15:02	@User_590a2335	食べ終わったおにぎり
903	15:03	@User_2658fed8	トマトおかわり
905	15:05	@User_cd48a1db	鳥取大阪
910	15:10	@User_42872ed3	ていくあうと
911	15:11	@User_5a77a7b4	とっても驚いた！
914	15:14	@User_bf6f46cc	TOILET
915	15:15	@User_369737d7	9+10=?
917	15:17	@User_dd4b266a	脳みそテイルズ草
921	15:21	@User_99afb65d	とってもおいしい
921	15:21	@User_e976a829	タイム　オーマイガー
924	15:24	@User_a76fb140	さりげなくテイルズを馬鹿にしていくスタイル！
924	15:24	@User_fc3f146b	タイムアウト？
926	15:26	@User_476d8781	草
931	15:31	@User_1e342ee5	鳥谷・大山のクリーンナップ
938	15:38	@User_acb9786a	しずくは排泄しないしな…
939	15:39	@User_9fbc9312	today out 今日はアウト（ダメ）ってことで(´・ω・｀)
939	15:39	@User_590a2335	得するお話
940	15:40	@User_476d8781	テイルズ面白いじゃん！
944	15:44	@User_cd48a1db	尊い
946	15:46	@User_bc2e7db7	ToT
948	15:48	@User_fc3f146b	トップオタク？
950	15:50	@User_45aa867f	とってもおいしい
953	15:53	@User_dd4b266a	ともだち！
954	15:54	@User_719f9991	TOHOシネマズ
954	15:54	@User_d5b05bb2	トー横オフ？
954	15:54	@User_0485c2e0	マブダチなろうぜ
955	15:55	@User_e976a829	友達？
960	16:00	@User_476d8781	とりまお疲れ？
963	16:03	@User_acb9786a	トップおともだち？
964	16:04	@User_82e93b33	尊いオトモダチ
965	16:05	@User_e201a60f	トイレとしずくは親和性高そう
972	16:12	@User_bf6f46cc	早くも落第してもうたｗ
973	16:13	@User_5ab3b755	タクティクスオウガ
974	16:14	@User_ce1a9051	とても美味しい
993	16:33	@User_e4870cff	なんてもん食ってんだ
1003	16:43	@User_acb9786a	ヘルシーギャルだ
1004	16:44	@User_42872ed3	トイレおわり
1006	16:46	@User_476d8781	ギャルは意外とヘルシー食なのか…
1006	16:46	@User_5bfd7e5f	パンパカパンパカポー
1007	16:47	@User_d5b05bb2	正解はなんなんやろ
1007	16:47	@User_0f4daf14	T（徳川）O（織田）　小牧長久手？
1008	16:48	@User_9fbc9312	友達がおらん
1008	16:48	@User_75f1c92d	Ｔ（トモダチ）Ｏ（おらん）
1008	16:48	@User_1e342ee5	次のおなら
1017	16:57	@User_5bfd7e5f	マジ卍もう出た？
1019	16:59	@User_2c7a57aa	ストイックギャルなしずくさんも好き
1020	17:00	@User_bf6f46cc	尊いお芋
1021	17:01	@User_bc2e7db7	ToLOVEるの略だな
1026	17:06	@User_e976a829	トカゲ　オランウータン
1039	17:19	@User_99afb65d	とても大きい
1049	17:29	@User_0485c2e0	とぅりゅとゅー
1050	17:30	@User_9fbc9312	とっても　オーガニック！
1051	17:31	@User_a76fb140	タッチはアウト
1060	17:40	@User_82e93b33	Thunder　Overdrive
1067	17:47	@User_acb9786a	なるほどなあ
1068	17:48	@User_c67ecc82	トップオタ！？
1071	17:51	@User_d5b05bb2	たぶんそう、部分的にそう
1072	17:52	@User_75f1c92d	はえ～
1072	17:52	@User_8f34b8b6	やあ
1075	17:55	@User_2995cedb	なるほど
1078	17:58	@User_2eba0ed4	なるほど
1079	17:59	@User_476d8781	ギャルがオタクとか言うの？
1080	18:00	@User_5a77a7b4	そうなのか～
1080	18:00	@User_ec48c74f	へぇ
1081	18:01	@User_0485c2e0	トップオタ、まじかあ
1082	18:02	@User_1e342ee5	おれはUCがいいな
1083	18:03	@User_719f9991	オタクに優しいギャル用語
1084	18:04	@User_82e93b33	ほぇ〜
1085	18:05	@User_dd4b266a	トップ推しじゃないんか
1085	18:05	@User_e976a829	トップオタクって意味なんぞ
1088	18:08	@User_9fbc9312	しずくは　セカンドオタクだよ(´・ω・｀)
1089	18:09	@User_99afb65d	ぜんぜんわからん
1092	18:12	@User_fc3f146b	ギャルもアイドルとか推してるの？
1093	18:13	@User_c67ecc82	ジバニャン！
1093	18:13	@User_590a2335	ジバニャン
1093	18:13	@User_dd4b266a	ジジババ
1095	18:15	@User_ce1a9051	磁場？
1098	18:18	@User_2658fed8	猫の幽霊
1098	18:18	@User_9fbc9312	磁場にゃん
1098	18:18	@User_acb9786a	爺婆
1099	18:19	@User_a2560b75	磁場
1100	18:20	@User_719f9991	ジバニャン
1100	18:20	@User_ec48c74f	ジバニャンやろ？
1100	18:20	@User_d0753fd1	じばにゃん
1101	18:21	@User_d5b05bb2	じいちゃんばあちゃん？
1108	18:28	@User_d1fde927	そら磁場やろ
1108	18:28	@User_0485c2e0	磁場
1109	18:29	@User_889b3907	ジバコイル
1111	18:31	@User_42872ed3	じじばば？
1113	18:33	@User_d5b05bb2	マジかよ
1113	18:33	@User_bf6f46cc	じいさんばあさん
1115	18:35	@User_23831a6f	爺婆
1116	18:36	@User_2c7a57aa	ジルコニックバースト
1117	18:37	@User_1e342ee5	磁石を置いた時の磁力が働く範囲？
1117	18:37	@User_82e93b33	馬耳東風
1117	18:37	@User_2ecda813	シャバ？
1120	18:40	@User_c67ecc82	ジジババ
1121	18:41	@User_d1fde927	地縛霊！
1121	18:41	@User_acb9786a	掲示板！
1122	18:42	@User_0f4daf14	じばんかんばんかばん　じばん
1122	18:42	@User_bc2e7db7	ジバコイル
1122	18:42	@User_a76fb140	機動刑事ジバン
1125	18:45	@User_1d118d75	時間と場所?
1128	18:48	@User_9fbc9312	ジバ　じょうしき　ばっちり
1130	18:50	@User_ce1a9051	電場とセットのやつ
1131	18:51	@User_ffea2ba5	地盤沈下か
1132	18:52	@User_99afb65d	ジジババ
1134	18:54	@User_0485c2e0	あたまにコイル巻いてる人か
1134	18:54	@User_75f1c92d	時価爆上がり
1134	18:54	@User_cd48a1db	人生爆散
1136	18:56	@User_590a2335	ジル・ド・レェ　バッケンモーツァルト
1142	19:02	@User_719f9991	自腹
1142	19:02	@User_590a2335	金の匂い！？
1145	19:05	@User_45aa867f	人馬一体
1146	19:06	@User_8f34b8b6	妖怪ウォッチ！？
1149	19:09	@User_1e342ee5	ジョーダン・バールトン
1149	19:09	@User_2658fed8	土地の価格
1152	19:12	@User_0485c2e0	シャバ代！？
1152	19:12	@User_476d8781	金のにおい！？
1156	19:16	@User_cfb69eb9	そ、そんな
1160	19:20	@User_e976a829	地縛霊かね
1161	19:21	@User_1d118d75	時価相場
1169	19:29	@User_bf6f46cc	事象ババア
1171	19:31	@User_82e93b33	じーさんばーさん
1172	19:32	@User_ec48c74f	金の匂いってなんなん？
1172	19:32	@User_1e342ee5	地縛霊
1172	19:32	@User_719f9991	地盤
1176	19:36	@User_590a2335	ジンバブエドル
1180	19:40	@User_acb9786a	地場産業
1182	19:42	@User_2658fed8	ジジババ（金の匂い）
1182	19:42	@User_bf6f46cc	自称ババア
1184	19:44	@User_9fbc9312	じかそうがく　馬鹿にならない
1188	19:48	@User_1e342ee5	実験場
1188	19:48	@User_5ab3b755	自分の場（エリア）のこと
1197	19:57	@User_bc2e7db7	あーしはジバよりレア派
1198	19:58	@User_a76fb140	人事がBAN
1199	19:59	@User_82e93b33	人生ゲーム罰ゲーム
1201	20:01	@User_2ecda813	自分の場所
1202	20:02	@User_9fbc9312	自分バイト
1203	20:03	@User_ce1a9051	現代はギャルも理系
1204	20:04	@User_2eba0ed4	人生バカヤバい
1211	20:11	@User_e976a829	まじやばい　の略か？
1217	20:17	@User_cfb69eb9	りありすとギャル
1220	20:20	@User_acb9786a	時短バイト！
1220	20:20	@User_5ab3b755	自認バステト
1225	20:25	@User_0485c2e0	やばたにえん
1227	20:27	@User_dd4b266a	まじヤバいなるほど？
1229	20:29	@User_ec48c74f	自分これからバイト？
1232	20:32	@User_0f4daf14	JIBA・・・
1234	20:34	@User_5bfd7e5f	今日はどんなネタ？
1237	20:37	@User_dfee965f	AIの世界でのギャルいスイーツは?
1241	20:41	@User_2ecda813	THE・BER
1241	20:41	@User_8f34b8b6	急な淫夢語録で草
1256	20:56	@User_590a2335	ギャルはPaypayとか使わないの？
1256	20:56	@User_9fbc9312	金の匂い　って　どんな臭いなの？
1257	20:57	@User_e976a829	落第したわ
1271	21:11	@User_99afb65d	地場
1277	21:17	@User_1e342ee5	実戦的ババア
1279	21:19	@User_0f4daf14	地盤
1280	21:20	@User_b90ff19c	なんじゃそりゃあ(*'ω'*)
1285	21:25	@User_a76fb140	じっくりバイト
1292	21:32	@User_acb9786a	生命体
1297	21:37	@User_9fbc9312	時は金なり
1302	21:42	@User_82e93b33	ジェントルバーサーカー
1305	21:45	@User_75f1c92d	自認バリアード？
1308	21:48	@User_d5b05bb2	ギャル語で爺婆をなんていうか気になるじゃん
1311	21:51	@User_e8af92da	しずしず～
1317	21:57	@User_719f9991	ぺいぺい↑
1318	21:58	@User_bf6f46cc	自分のみ守れるバリア
1321	22:01	@User_2658fed8	しずPay♪
1325	22:05	@User_cfb69eb9	ダンシングペイペイ
1327	22:07	@User_d5b05bb2	WAON
1328	22:08	@User_590a2335	踊れる尺じゃないｗ
1330	22:10	@User_dd4b266a	しずくID決済の音出してよ
1336	22:16	@User_d0753fd1	使ったこと無いんだよな
1340	22:20	@User_bc2e7db7	令和も平成もギャル語は理解できなくてつらたん
1340	22:20	@User_a76fb140	すきすきおじいさんバーサーカー？
1341	22:21	@User_9fbc9312	ペイペイダンス！　( 'ω' و(و "♫₍₍ (ง ˙ω˙)ว ⁾⁾♪　( 'ω' و(و "♫₍₍ (ง ˙ω˙)ว ⁾⁾♪
1344	22:24	@User_0485c2e0	バンパカって音鳴らそ
1344	22:24	@User_590a2335	カツアゲすんのｗ
1345	22:25	@User_1e342ee5	お腹だすね
1346	22:26	@User_75f1c92d	自腹しろよ！
1348	22:28	@User_ec48c74f	財布出したら奢りじゃね？
1353	22:33	@User_476d8781	ただの財布で草
1355	22:35	@User_2eba0ed4	ほーん
1357	22:37	@User_dd4b266a	あー自腹なるほど？
1357	22:37	@User_acb9786a	あたりなんだ
1362	22:42	@User_e976a829	じやあ田原は？
1362	22:42	@User_0485c2e0	自腹。なるほど
1362	22:42	@User_5a77a7b4	略っていうほど削れてないような・・・
1364	22:44	@User_d5b05bb2	流石にわっかんねぇ
1369	22:49	@User_0f4daf14	きょこん
1372	22:52	@User_45aa867f	むっず
1373	22:53	@User_2658fed8	今日婚約
1375	22:55	@User_ce1a9051	虚構
1376	22:56	@User_c67ecc82	虚構
1376	22:56	@User_2ecda813	強行？
1377	22:57	@User_a627b3c9	虚構
1380	23:00	@User_1e342ee5	巨根
1380	23:00	@User_a2560b75	虚構
1381	23:01	@User_ec48c74f	強行突破！
1383	23:03	@User_d0753fd1	今日の献立
1384	23:04	@User_1d118d75	今日はCoCo壱
1385	23:05	@User_889b3907	今日のコーデ
1386	23:06	@User_476d8781	全部鬼ムズなんだが…
1387	23:07	@User_5bfd7e5f	恭子
1388	23:08	@User_fc3f146b	響子？
1388	23:08	@User_a76fb140	きょうコスメ忘れた
1388	23:08	@User_acb9786a	今日のコーディネート
1390	23:10	@User_82e93b33	きょうはココスでええか
1391	23:11	@User_bf6f46cc	今日、子供いないから・・・
1392	23:12	@User_9fbc9312	今日コンパ
1392	23:12	@User_719f9991	京子ちゃん
1395	23:15	@User_590a2335	兄弟、なんでこんなことしたんだ？
1395	23:15	@User_e8af92da	餃子コール
1397	23:17	@User_dd4b266a	しずくと今日婚姻
1397	23:17	@User_0f4daf14	教皇
1400	23:20	@User_23831a6f	今日コンビニ行く
1402	23:22	@User_e976a829	ポケットモンスター　ココ
1405	23:25	@User_cd48a1db	今日の献立
1406	23:26	@User_d5b05bb2	今日これる？
1406	23:26	@User_ce1a9051	今日これからどうする？
1409	23:29	@User_92a2f26f	強行突破
1409	23:29	@User_1e342ee5	今日のコントレイルの調教タイム
1412	23:32	@User_acb9786a	共産コミンテルン
1413	23:33	@User_719f9991	今日のコスメ似合ってる
1413	23:33	@User_ffea2ba5	今日はこれでいいや
1414	23:34	@User_5a77a7b4	ｗｗｗ
1415	23:35	@User_a2560b75	草
1416	23:36	@User_2c7a57aa	強力個包
1418	23:38	@User_ec48c74f	それはそう
1420	23:40	@User_1d118d75	草
1420	23:40	@User_1e342ee5	たすかる
1425	23:45	@User_476d8781	草
1430	23:50	@User_bf6f46cc	兄弟、今日作ってあげるね///
1434	23:54	@User_82e93b33	今日はこれでよくね？
1435	23:55	@User_590a2335	挙動に困惑
1437	23:57	@User_2995cedb	今日コンパ
1441	24:01	@User_5a77a7b4	兄弟はコミンテルン
1447	24:07	@User_75f1c92d	虚無コインだな
1448	24:08	@User_99afb65d	虚構
1449	24:09	@User_476d8781	ギャルは最新言語を次々と生み出すからな…
1450	24:10	@User_5ab3b755	巨人vsコンサドーレ
1452	24:12	@User_9fbc9312	どのくらいの頻度で使うの？
1453	24:13	@User_42872ed3	今日のコロッケ
1454	24:14	@User_1e342ee5	今日はこれでいいや
1456	24:16	@User_719f9991	今日コンブ食べる？
1467	24:27	@User_9fbc9312	今日コンサート
1468	24:28	@User_acb9786a	巨大なコストコ
1468	24:28	@User_ce1a9051	今日これからうち来る？
1469	24:29	@User_ec48c74f	焦りもするお年頃なんよ
1472	24:32	@User_1d118d75	楽曲コンプ?
1473	24:33	@User_e976a829	ココイチ
1474	24:34	@User_590a2335	去年からコ
1476	24:36	@User_1e342ee5	今日のしずくコイン
1477	24:37	@User_a76fb140	鋭い突込みｗ
1482	24:42	@User_82e93b33	恐竜コーデ
1483	24:43	@User_d1fde927	今日これからなにするか
1484	24:44	@User_2ecda813	今日ココス
1485	24:45	@User_45aa867f	今日はコーンマヨ
1486	24:46	@User_2eba0ed4	巨大なコンサート
1487	24:47	@User_bf6f46cc	今日、子供熱出したんで休みます
1488	24:48	@User_f068dad5	きよ...コ
1489	24:49	@User_9fbc9312	今日のコンドーム
1490	24:50	@User_e8af92da	今日はこれまで
1499	24:59	@User_5a77a7b4	虚偽のコマーシャル
1502	25:02	@User_ac0305b2	ダルめのギャルっすね
1509	25:09	@User_2995cedb	今日ココア
1509	25:09	@User_9fbc9312	今日コンサート
1510	25:10	@User_dd4b266a	きょコ…ウマ…
1516	25:16	@User_2658fed8	巨大コアラ
1517	25:17	@User_1d118d75	現実を直視すると失明しちゃうんだ!
1519	25:19	@User_acb9786a	わかるんだ〜
1519	25:19	@User_1e342ee5	京都～コンクラーベまでの乗換案内　教えて
1519	25:19	@User_f5258cbc	ポケットモンスター現実/虚構
1521	25:21	@User_a627b3c9	きよしこの夜
1522	25:22	@User_d5b05bb2	ようしっとるね
1522	25:22	@User_590a2335	今日からコレは
1526	25:26	@User_5bfd7e5f	今日はココ
1528	25:28	@User_9fbc9312	虚無のコンサート
1532	25:32	@User_ce1a9051	京子
1536	25:36	@User_e976a829	ココナッツ
1543	25:43	@User_9fbc9312	今日コストコ
1553	25:53	@User_0f4daf14	ヒントくれ
1554	25:54	@User_99afb65d	今日このごろ
1555	25:55	@User_719f9991	ギャル力足りなかった...
1560	26:00	@User_9fbc9312	今日来れる？
1562	26:02	@User_92a2f26f	巨大ココナッツ
1563	26:03	@User_2995cedb	今日コント
1566	26:06	@User_f068dad5	最強のコスパ
1572	26:12	@User_f5258cbc	超ベリーグッド
1573	26:13	@User_889b3907	きょるるんコわわわぱわー
1573	26:13	@User_590a2335	距離を置いてたココス
1577	26:17	@User_acb9786a	強大なコミュニティ
1581	26:21	@User_0485c2e0	🦕を書くとこだった
1582	26:22	@User_dfee965f	巨大コスメ
1592	26:32	@User_9fbc9312	今日もばぶぅ
1595	26:35	@User_719f9991	今日のコーデか
1598	26:38	@User_d5b05bb2	なるほどなー
1605	26:45	@User_75f1c92d	はえ～
1605	26:45	@User_ec48c74f	なるほど
1606	26:46	@User_f068dad5	絶対わかんねぇやつだったw
1608	26:48	@User_acb9786a	あたった！！！！！！
1608	26:48	@User_ffea2ba5	割とそのままだった...
1609	26:49	@User_2658fed8	全然わからんかった
1609	26:49	@User_590a2335	全然わっかんなーい
1612	26:52	@User_a76fb140	頭重くないの？＞今日のコーデ
1614	26:54	@User_bf6f46cc	はえ～
1617	26:57	@User_476d8781	今日のコスメかと思ったらコーデか
1618	26:58	@User_5bfd7e5f	わがんねぇだ
1621	27:01	@User_2995cedb	わっかんないよ
1623	27:03	@User_5ab3b755	本物のギャルはあーしって言わないって本当？
1626	27:06	@User_dd4b266a	ほう、コーディネートはこうでねぇと
1627	27:07	@User_9fbc9312	しずく　つかってみてよ
1632	27:12	@User_719f9991	えぐち！
1633	27:13	@User_5bfd7e5f	限度を超えるのが日本語
1635	27:15	@User_82e93b33	エグ
1635	27:15	@User_1e342ee5	誰よ江口
1635	27:15	@User_f5258cbc	寿限無
1637	27:17	@User_ec48c74f	しずいよね
1643	27:23	@User_bf6f46cc	普通にわからなかったｗ
1644	27:24	@User_a76fb140	よっこいしょういちってね！
1647	27:27	@User_f068dad5	ごいごいすーとかもだよねー！
1651	27:31	@User_476d8781	わからねぇｗｗｗ
1652	27:32	@User_e976a829	ふだつきのキョーコ
1653	27:33	@User_5a77a7b4	ごしゅぴの略でしょ？ＡＴＭ
1654	27:34	@User_719f9991	良い言葉だった
1658	27:38	@User_dfee965f	ぴえん超えてぱおん
1661	27:41	@User_9fbc9312	えぐち　って名前のひと　いるんだけど
1662	27:42	@User_a627b3c9	かれぴはATM
1662	27:42	@User_d1fde927	銀ブラ
1663	27:43	@User_bf6f46cc	おつかれちゃん
1663	27:43	@User_d7e886f9	やほー
1664	27:44	@User_0485c2e0	ごしゅび、しかしらん
1668	27:48	@User_2c7a57aa	がびちょ
1669	27:49	@User_9fbc9312	ホ別　苺
1669	27:49	@User_ce1a9051	マジ卍の世代だと思う。
1674	27:54	@User_f5258cbc	魑魅魍魎
1675	27:55	@User_dd4b266a	しずくかわいいしか知らん
1675	27:55	@User_5ab3b755	ぴ
1676	27:56	@User_acb9786a	しずい
1677	27:57	@User_99afb65d	MK5
1677	27:57	@User_82e93b33	あっしー
1678	27:58	@User_1e342ee5	アーモンドアイ×テイエムスパーダ？
1678	27:58	@User_889b3907	とくにないです
1680	28:00	@User_bf6f46cc	おこ
1682	28:02	@User_904e5739	セクシーコマンドー
1684	28:04	@User_590a2335	ムカ着火ファイヤー
1686	28:06	@User_2658fed8	やばたにえん
1688	28:08	@User_696446ad	パンパカパンパカポー
1688	28:08	@User_bc2e7db7	こんとんじょのいこ
1689	28:09	@User_82e93b33	めっしー
1689	28:09	@User_cd48a1db	チョベリバ
1690	28:10	@User_3f73c511	ジジイには無理っす…
1691	28:11	@User_e976a829	げきおこぷんぷんまる
1694	28:14	@User_2995cedb	きゃぱい(キャパオーバー)
1696	28:16	@User_d5b05bb2	114106
1702	28:22	@User_a21b71b5	超MM
1705	28:25	@User_d7e886f9	ふっるw
1705	28:25	@User_1e342ee5	ぬるぽ
1707	28:27	@User_9fbc9312	なんだこのやろー
1710	28:30	@User_904e5739	激おこぷんぷん丸
1710	28:30	@User_bf6f46cc	カム着火ファイヤー
1711	28:31	@User_476d8781	そもそも周りにギャルいないんだよなぁ
1715	28:35	@User_ffea2ba5	すまねぇ、ギャル語はさっぱりなんだ
1716	28:36	@User_c0d19fa6	ザギンでシースー
1717	28:37	@User_b90ff19c	MK5
1719	28:39	@User_45aa867f	古のポケベル略語の血筋を感じる…
1722	28:42	@User_9412f3a9	おこ
1733	28:53	@User_dd4b266a	マイヤヒー
1733	28:53	@User_9fbc9312	ピカチュウ
1737	28:57	@User_f068dad5	わけわかめ
1740	29:00	@User_590a2335	あたり前田のクラッカー
1742	29:02	@User_acb9786a	彼ぴ
1742	29:02	@User_5bfd7e5f	しずく盛りって何？w
1743	29:03	@User_d0753fd1	しずく盛欲しいです
1744	29:04	@User_696446ad	ないすぱ
1744	29:04	@User_cd48a1db	あっちょんぷりけ
1749	29:09	@User_0f4daf14	バルシェ、肉買ったべか
1749	29:09	@User_ce1a9051	チャッピーって愛称はギャルに教わった。
1755	29:15	@User_2995cedb	チョベリバー
1756	29:16	@User_bc2e7db7	わこつー
1757	29:17	@User_590a2335	おはヨーグルト
1761	29:21	@User_bf6f46cc	しずく盛盛パラダイス！！これは流行る！！
1764	29:24	@User_99afb65d	がちょーん
1764	29:24	@User_9fbc9312	矢畑２円？
1766	29:26	@User_1e342ee5	最近のギャルはケーキを三等分するのが流行りだよ
1772	29:32	@User_d7e886f9	コメ欄おじさんしかいねぇ
1773	29:33	@User_acb9786a	タピる
1777	29:37	@User_303ab873	マジ卍
1778	29:38	@User_696446ad	だっちゅーの！
1778	29:38	@User_5dd406ea	蛙化
1790	29:50	@User_82e93b33	マンバ
1792	29:52	@User_ec48c74f	顔黒
1796	29:56	@User_5a77a7b4	しずくちゃんって白ギャル系なんじゃないの？
1800	30:00	@User_e976a829	なんだこれ　なんだこれ～
1804	30:04	@User_acb9786a	圧が強い
1811	30:11	@User_f068dad5	隣お邪魔しまーーすっ！
1812	30:12	@User_bf6f46cc	しずくの隣行きます！
1812	30:12	@User_2658fed8	距離詰めてくるタイプのギャルだーー！！
1812	30:12	@User_9fbc9312	僕と契約して魔法少女になってよ
1822	30:22	@User_2eba0ed4	しずくたん、あつよ
1827	30:27	@User_82e93b33	✌✌
1827	30:27	@User_1e342ee5	ギャルよりもリード・ギャレットが好きだなあ
1828	30:28	@User_2995cedb	テンアゲ
1829	30:29	@User_719f9991	ぴーすぴーす
1830	30:30	@User_a627b3c9	ヤマンバとかいるよね
1834	30:34	@User_ce1a9051	おけまる
1835	30:35	@User_99afb65d	あき先生がギャル語勉強したんですか
1838	30:38	@User_11533f6b	あーしかわいいすぎる
1840	30:40	@User_d1fde927	モダンガール　モダンボーイ
1844	30:44	@User_f068dad5	しずくっち隣よろよろ
1845	30:45	@User_ec48c74f	虫
1848	30:48	@User_e8af92da	獄盛り
1851	30:51	@User_1d118d75	どうもバグです
1851	30:51	@User_0f4daf14	Маг конца века
1851	30:51	@User_dd4b266a	ルーズソックス
1855	30:55	@User_ffea2ba5	バグw
1855	30:55	@User_ce9de7da	ぬるぽ
1856	30:56	@User_719f9991	ごしゅぴバグだった
1856	30:56	@User_a76fb140	おけまる水産～
1859	30:59	@User_9fbc9312	あさっぷで行くから
1860	31:00	@User_476d8781	我々はバグ扱いか…(;´･ω･)
1864	31:04	@User_2658fed8	我々はバグです
1866	31:06	@User_bf6f46cc	バグ「しずくカワヨカワヨ」
1866	31:06	@User_82e93b33	じゃりボーイじゃりガール
1870	31:10	@User_5bfd7e5f	そういえばMamba検索しようとして間違ってマンバ検索しちゃった
1870	31:10	@User_889b3907	バグからカエルになったら成長かな
1871	31:11	@User_9fbc9312	ＡＳＡＰで行く！
1874	31:14	@User_e976a829	人間自体が生命界のバグだかからねぇ
1875	31:15	@User_696446ad	バグピで草
1891	31:31	@User_ec48c74f	ゼロ距離はやばたにえん
1898	31:38	@User_dd4b266a	じゃあ俺しずくの下で
1900	31:40	@User_2995cedb	しずくのお膝の上座るね
1904	31:44	@User_d7e886f9	しずくちゃんレート高いからなー
1908	31:48	@User_476d8781	人間にはパーソナルスペースというものがあってだね…(;´･ω･)
1911	31:51	@User_acb9786a	頑張ってみんなで一マスに収まれば…
1912	31:52	@User_75f1c92d	近接戦闘タイプのギャルでござるか
1912	31:52	@User_5ab3b755	蛙超えて虫
1914	31:54	@User_5bfd7e5f	しずくの上とか空いてない？
1915	31:55	@User_f068dad5	しずくっちの隣が無理なら後ろでもええですよ
1918	31:58	@User_9fbc9312	しずくの隣バトル参加します！！
1923	32:03	@User_719f9991	✌
1924	32:04	@aki5503	✌
1925	32:05	@User_bf00eeed	草
1927	32:07	@User_ec48c74f	✌
1931	32:11	@User_75f1c92d	✌
1932	32:12	@User_1e342ee5	先生ｗ
1933	32:13	@User_9fbc9312	指ハート
1934	32:14	@User_b90ff19c	✌
1934	32:14	@User_590a2335	✌
1935	32:15	@User_2658fed8	ぴすぴすー　ｖ
1935	32:15	@User_bf00eeed	🖐
1935	32:15	@User_0f4daf14	Peaceあ、やべ
1936	32:16	@User_82e93b33	マジぴっぴ✌✌
1937	32:17	@User_acb9786a	じゃ、じぶんはしずくお嬢様の下にはいるんで……
1937	32:17	@User_f068dad5	✌
1939	32:19	@User_bf6f46cc	ヲタクは通常ＡＴフィールド張ってるんでゼロ距離ダメです
1940	32:20	@User_5a77a7b4	✌
1940	32:20	@User_7bf613e8	✌
1941	32:21	@User_ce9de7da	オタクに優しいギャルどこ？
1946	32:26	@User_ce1a9051	✌
1949	32:29	@User_dddc6859	ギャルピーッスv
1952	32:32	@User_2d0fadb6	久しぶり〜おぼえてますか？
1959	32:39	@User_9412f3a9	草はギャル後？
1960	32:40	@User_1e342ee5	🖖
1960	32:40	@User_0b66b924	にょす
1967	32:47	@User_d0753fd1	🤞
1967	32:47	@User_99afb65d	しずくがギャルだった頃
1970	32:50	@User_2658fed8	✊
1973	32:53	@User_719f9991	バグピ
1979	32:59	@User_889b3907	生命には意図がないので仕様もバグもない
1981	33:01	@User_5a77a7b4	Bugってハニピ（今風）
1983	33:03	@User_a76fb140	✌
1984	33:04	@User_82e93b33	きゅるるんぽわわわぱわー✌
1986	33:06	@User_0f4daf14	墾田永年私財法、
1989	33:09	@User_bf6f46cc	バグピ！
1989	33:09	@User_5dd406ea	しずくしか勝たん
1989	33:09	@User_75f1c92d	🤟
1992	33:12	@User_0485c2e0	しずぴー、あきぴー、やっほー
1992	33:12	@User_9fbc9312	しずくちゃん　どうやってピースするの？出来るの？
1994	33:14	@User_587f9820	今朝　渋谷でしずく見たよ٩( 'ω' )و
1996	33:16	@User_acb9786a	ピースしながらバグるしずく、なんかイケナい感じがする
1997	33:17	@User_ec48c74f	心か…残念だ
2009	33:29	@User_ce9de7da	オタクに優しいギャル、どこたにえん。
2012	33:32	@User_a76fb140	しずくはデスラー戦法の使い手なの？
2019	33:39	@User_bc2e7db7	しずくはごしゅぴのギャルママだよねー
2019	33:39	@User_719f9991	ATフィールドぶち破ってくるタイプのギャル
2024	33:44	@User_dd4b266a	バグ('ω')ダブルピース
2027	33:47	@User_bf6f46cc	勝てない(勝てない)
2030	33:50	@User_2d0fadb6	やさいせいかつ
2032	33:52	@User_2658fed8	環境にもやさしいギャルしずく
2040	34:00	@User_82e93b33	✌きゅるるんぽわわわぱわー(*'ω'*)✌
2041	34:01	@User_0f4daf14	禁中並びに武家諸法度
2042	34:02	@User_75f1c92d	寝言は寝てから言って欲しいでござる
2048	34:08	@User_eb790c14	しずくにゃ〜
2049	34:09	@User_587f9820	見られてる？👀
2049	34:09	@User_5dd406ea	名前呼ばれる様になったの？
2051	34:11	@User_476d8781	オタクのATフィールドがギャルに勝てるわけないだろ！相性を知らんのかｗ
2052	34:12	@User_2995cedb	チビオタクにも優しいしずくギャル
2056	34:16	@User_f068dad5	パラパラとかって踊れるの？
2059	34:19	@User_e976a829	ギャルは深淵
2062	34:22	@User_0f4daf14	⚔
2063	34:23	@User_9fbc9312	愛おぼえていますか？
2064	34:24	@User_d7e886f9	僕も久々だけどもう忘れてるやろ
2064	34:24	@User_ce9de7da	古参ピ
2072	34:32	@User_99afb65d	僕もギャルになれますか
2084	34:44	@User_75f1c92d	おビンタですか？
2084	34:44	@User_82e93b33	平手で草でしゅ
2084	34:44	@User_5dd406ea	俺たちがギャルだ
2084	34:44	@User_9fbc9312	パーは頭
2086	34:46	@User_590a2335	それなんて平手打ち
2086	34:46	@User_5a77a7b4	ぱ、🖐は✌５本分の威力だから…（震え声）
2089	34:49	@User_02b2f775	平成だと「ガチ恋」じゃなくて確か「嫁」って言うんですよね？
2090	34:50	@User_2658fed8	殴り合いｗｗｗ
2090	34:50	@User_acb9786a	ATフィールドに手突っ込んで破ってくるタイプのギャル
2092	34:52	@User_d0753fd1	関取かな
2092	34:52	@User_587f9820	ぐー👊じゃ無い平和な世界
2093	34:53	@User_e976a829	ギャートルズになれますか
2096	34:56	@User_ec48c74f	ビンタやん
2097	34:57	@User_bf6f46cc	プィーッス✌
2098	34:58	@User_1e342ee5	🖖
2102	35:02	@User_2d0fadb6	じゃあおっはーで対抗する👐
2105	35:05	@User_acb9786a	✌
2107	35:07	@User_9fbc9312	領域展開！！
2108	35:08	@User_6f1067e1	✌
2110	35:10	@User_587f9820	✍
2111	35:11	@User_dd4b266a	優しいギャルがお兄ちゃんにASMRしてほしい
2112	35:12	@User_82e93b33	👌
2114	35:14	@User_d1fde927	🫶
2121	35:21	@User_acb9786a	名字ギャルは草
2121	35:21	@User_590a2335	苗字がギャルなのはちょっとｗ
2127	35:27	@User_889b3907	ギャルって苗字だったの？
2127	35:27	@User_5ab3b755	🤞
2129	35:29	@User_d0753fd1	🖊
2129	35:29	@User_476d8781	それはちょっと(;´･ω･)
2131	35:31	@User_2995cedb	しずくギャルママの子供になりたい
2132	35:32	@User_f068dad5	苗字がギャルはきついw
2136	35:36	@User_587f9820	キラキラネームは勘弁して
2138	35:38	@User_719f9991	つよい
2138	35:38	@User_bf6f46cc	しずくママぁ！！
2145	35:45	@User_e201a60f	ゎぁぃサインするぅ
2148	35:48	@User_dd4b266a	🤏
2149	35:49	@User_5bfd7e5f	ATコマンドフィールド
2149	35:49	@User_9fbc9312	✌
2150	35:50	@User_590a2335	☮
2150	35:50	@User_8b14d2fb	🤟
2152	35:52	@User_ce1a9051	✌
2156	35:56	@User_75f1c92d	🦵
2158	35:58	@User_0f4daf14	伽硫さん…イケるな
2158	35:58	@User_a76fb140	✌✌🏻✌🏼✌🏽✌🏾✌🏿
2161	36:01	@User_e976a829	ふむ、ひかりのかべやバリアーもｔぶち破れるのかな
2163	36:03	@User_acb9786a	ギャル太郎　ギャル花子…
2165	36:05	@User_2658fed8	🤞領域展開…
2166	36:06	@User_6f1067e1	💅
2166	36:06	@User_2d0fadb6	✌
2175	36:15	@User_cd48a1db	DAISUKE
2175	36:15	@User_9fbc9312	✌✌ダブルピース
2177	36:17	@User_d0753fd1	ぱらぱら？
2180	36:20	@User_889b3907	パラパラはもう懐かしいだろ
2181	36:21	@User_99afb65d	しずたんげきやば
2182	36:22	@User_2ecda813	いっけなーい！遅刻遅刻！私、どこにでもいる普通の女子高生！食パンをくわえて角を曲がったら、男の子とぶつかっちゃった！もー最悪！と思ったその時――万象一切灰燼と為せ、流刃若火私の登校路、灰になっちゃった！？
2184	36:24	@User_2995cedb	しずくの声聞いていたら頭痛治まったありがとう
2202	36:42	@User_587f9820	💃
2203	36:43	@User_bf6f46cc	パラパラ踊れるうギャルはみんな卒業・・・
2205	36:45	@User_bf00eeed	最近のギャルは会話に川柳をまぜるらしいですよ？
2205	36:45	@User_ec48c74f	飛行機空いてるかな？
2212	36:52	@User_75f1c92d	うおおおおおお！！
2215	36:55	@User_dfee965f	たすかる
2215	36:55	@User_a2560b75	たすかる
2218	36:58	@User_2c7a57aa	こーれは破壊力がすごい
2220	37:00	@User_f068dad5	すげ〜！！
2220	37:00	@User_fada112e	しずく！
2220	37:00	@User_7bdb9d99	遅刻してきた　ぱんぱかぱんぱかぽーん
2221	37:01	@User_1e342ee5	たすかる
2222	37:02	@User_587f9820	突然のファンサ٩( 'ω' )و
2223	37:03	@User_ce1a9051	たすかるー
2225	37:05	@User_719f9991	たすかる
2226	37:06	@User_e201a60f	たすかる
2228	37:08	@User_ce9de7da	ウェーイ?✌オレッチとお茶しなーい？ウェーイ?✨オタピとかほっといてさぁ✌
2228	37:08	@User_bf6f46cc	かわよ！
2230	37:10	@User_590a2335	あいあい
2230	37:10	@User_acb9786a	たすかるたすかるたすかる
2230	37:10	@User_476d8781	たすかる
2231	37:11	@User_ec48c74f	おおお！しずいじゃん！
2232	37:12	@User_5a77a7b4	渋谷も駅の反対側は静かだからそっちにしよう（陰キャムーブ）
2235	37:15	@User_dd4b266a	こんな優しいギャルいていいんか、可愛い
2238	37:18	@User_2d0fadb6	ASMR助かる
2238	37:18	@User_9fbc9312	ｗｗｗ
2240	37:20	@User_2658fed8	うおおおおお！！たすかる
2240	37:20	@User_0f4daf14	ギャル語で徒然草冒頭おねしゃす
2240	37:20	@User_e976a829	今日は判決ないんだね
2240	37:20	@User_2ecda813	マダガスカル
2243	37:23	@User_1e342ee5	あっ拝金だ
2245	37:25	@User_d7e886f9	それがーちゃー？
2246	37:26	@User_f068dad5	即興でASMR出来るのかよ！？まじ卍過ぎるやん！
2247	37:27	@User_ffea2ba5	可愛すぎる
2250	37:30	@User_719f9991	課金制
2258	37:38	@User_9fbc9312	現金なＡＩだなあ(笑)(≧▽≦)
2258	37:38	@User_6f1067e1	草
2262	37:42	@User_5dd406ea	ネイルの絵文字？
2267	37:47	@User_fada112e	ギャルしずくみたいな恋人がいるような学生時代を過ごしたかった
2273	37:53	@User_590a2335	🤓🤓🤓
2278	37:58	@User_dd4b266a	出席日数ギャルあるある・・・
2288	38:08	@User_476d8781	今のギャルって、そんな真面目なのか…？(;´･ω･)
2290	38:10	@User_bf6f46cc	今どきのギャル真面目過ぎ～
2296	38:16	@User_e201a60f	ヵッォぉゃっょ
2301	38:21	@User_e8af92da	しずたんかわいいよ～(小声)
2303	38:23	@User_9fbc9312	ここはギャルの部屋なん？
2303	38:23	@User_2d0fadb6	ギャルマインド持っちゃったかw
2305	38:25	@User_ce1a9051	知らないｗ
2306	38:26	@User_82e93b33	たまごっち？
2306	38:26	@User_5dd406ea	？
2307	38:27	@User_0f4daf14	ハンターランクかとおもた
2308	38:28	@User_590a2335	ほっぺちゃんとか？
2309	38:29	@User_1e342ee5	何？みんな幼児化したいの？
2311	38:31	@User_dd4b266a	へいせい
2313	38:33	@User_ec48c74f	HIKAKINじゃないのか
2314	38:34	@User_5a77a7b4	女児ブーム・・・？
2318	38:38	@User_476d8781	しらねぇｗなんだ、そのブームｗｗｗ
2318	38:38	@User_d5b05bb2	はえー
2319	38:39	@User_d1fde927	平成はレトロじゃないだろ
2319	38:39	@User_cd48a1db	コンプライアンス的に大丈夫？
2321	38:41	@User_75f1c92d	ASMRで無銭民に厳しいギャルをやってもらってええか
2322	38:42	@User_e976a829	たまごっちのことか？
2322	38:42	@User_fada112e	ばぶー！
2322	38:42	@User_a76fb140	変態仮面ｰHKｰだと！？
2322	38:42	@User_5ab3b755	たれぱんだとかこげパンとかね
2322	38:42	@User_590a2335	ラブ&ベリーとか
2324	38:44	@User_ffea2ba5	ほほう
2325	38:45	@User_5dd406ea	流行りは20年周期で来るってやつ？
2327	38:47	@User_d7e886f9	おいらが出るしかねぇな
2329	38:49	@User_f068dad5	平成レトロブームとは違うのか
2331	38:51	@User_bf6f46cc	ほう
2338	38:58	@User_590a2335	おちゃちん？
2340	39:00	@User_ce1a9051	平成はレトロ…
2341	39:01	@User_719f9991	エモエモ
2343	39:03	@User_2ecda813	そういえば、プリキュアとコナンがこらぼするね
2346	39:06	@User_f068dad5	お茶犬懐かし！
2347	39:07	@User_82e93b33	豆しばー
2349	39:09	@User_0f4daf14	しあわせ荘のオコジョさん
2355	39:15	@User_587f9820	平成の平和な世界
2357	39:17	@User_476d8781	え、ヤバイ、言葉がわからねぇｗ
2358	39:18	@User_ca605e00	ミルモでポンとかも最近復活してきてるよね
2358	39:18	@User_2d0fadb6	赤ずきんちゃちゃ
2362	39:22	@User_45aa867f	プリキュア映画にギャルが来てるとか？
2364	39:24	@User_acb9786a	豆しばとかやわらか戦車もあるんか？
2369	39:29	@User_99afb65d	しずくが女児だった頃の話？
2370	39:30	@User_e976a829	でもプリキュアは2002からだったはず
2371	39:31	@User_719f9991	たれぱんだささる
2373	39:33	@User_d7e886f9	イケパラも流行ってんの？
2377	39:37	@User_f068dad5	急に鼓膜破壊されたンゴw
2380	39:40	@User_5ab3b755	シルバニアとかも平成女児みあるよね〜
2381	39:41	@User_bc2e7db7	プリキュアでコナンがパラパラ踊るしかねーな
2393	39:53	@User_fada112e	ギャルママしずく！
2395	39:55	@User_0f4daf14	ギャルなら明日のナージャイケるはず
2395	39:55	@User_5dd406ea	おぎゃ
2398	39:58	@User_7bdb9d99	ばぶぅ
2399	39:59	@User_d0753fd1	バブバブ
2401	40:01	@User_a627b3c9	なめ猫？
2403	40:03	@User_75f1c92d	しずピ聞いてよ～今日の馬券はずれた
2405	40:05	@User_ec48c74f	成人済みってなに？
2405	40:05	@User_82e93b33	と、三歳児が言ってましゅ
2405	40:05	@User_fada112e	ばぶー！
2417	40:17	@User_bf6f46cc	成人済み(三歳)
2420	40:20	@User_99afb65d	しずくは成人だったの？
2422	40:22	@User_719f9991	明日のナージャ
2431	40:31	@User_e201a60f	ばぶぅ
2431	40:31	@User_7bdb9d99	ダービーの予想教えて！！
2431	40:31	@User_43966397	邪魔するでぇ〜
2432	40:32	@User_2658fed8	おれも仕事やめて女児目指すか
2434	40:34	@User_1e342ee5	リアル女児に興味があるみたいな言い方
2434	40:34	@User_e976a829	どのプリキュアよ
2435	40:35	@User_ff223600	ジョジョしか勝たん
2437	40:37	@User_476d8781	ギャル社会は魔境だな…
2438	40:38	@User_f068dad5	シール帳とかあったよねぇ
2438	40:38	@User_719f9991	しゅごキャラ
2438	40:38	@User_ec48c74f	シール帳持ってる感じ？
2440	40:40	@User_acb9786a	三歳児だし女児ではあるか
2441	40:41	@User_d7e886f9	キュアアルカナシャドウめちゃ好きやで
2444	40:44	@User_d0753fd1	ポンポンドロップシールか
2445	40:45	@User_82e93b33	ぬるぽ
2445	40:45	@User_dd4b266a	どこまでが女児どこまでがオタクだったか…
2446	40:46	@User_fe60f697	こんばんぱんぱかぽー
2448	40:48	@User_590a2335	女児ブームってつまりクジラックスなんでもないです
2449	40:49	@User_2995cedb	ギャルブームから女児ブームにランクアップした？
2453	40:53	@User_ec48c74f	草
2460	41:00	@User_2d0fadb6	w
2461	41:01	@User_ff223600	ボンドロがさぁ
2468	41:08	@User_c9b0aadb	超見下しながら挨拶して
2469	41:09	@User_fada112e	ばぶ～
2470	41:10	@User_719f9991	ジュエルペット
2473	41:13	@User_889b3907	いつのキッズや
2475	41:15	@User_5dd406ea	ミルモなっつ
2476	41:16	@User_f14d243a	しずくちゃんこんばんは
2478	41:18	@User_f068dad5	きらりんレボリューション
2479	41:19	@User_0485c2e0	ぅゎょぅι゛ょっょぃ
2483	41:23	@User_5ab3b755	平成女児はなんでもピンクとクリアカラーを好む
2490	41:30	@User_590a2335	ファービーも平成レトロわね？
2497	41:37	@User_476d8781	マジで？
2501	41:41	@User_99afb65d	しゅごきゃら
2510	41:50	@User_5dd406ea	探偵絡みってこと？
2512	41:52	@User_fada112e	ギャルしずくちゃん先輩ママお姉ちゃんに甘えたい～
2517	41:57	@User_2ecda813	両方でやるで
2518	41:58	@User_fe60f697	変身バンクでパラパラ踊りそう
2520	42:00	@User_e976a829	今年のプリキュア探偵ものだし
2521	42:01	@User_590a2335	コナンって、未来少年の方じゃない？
2521	42:01	@User_5ab3b755	両方向コラボらしいね
2521	42:01	@User_2658fed8	コナン君が変身はみたいよｗ
2522	42:02	@User_5a77a7b4	キュアコナンか胸が熱くなるな
2523	42:03	@User_acb9786a	プリキュア側に死人が出たらまずい……
2526	42:06	@User_82e93b33	ﾓﾙｽｧ
2526	42:06	@User_719f9991	プリプリなコナンくん
2527	42:07	@User_e201a60f	しずくもコラボはよ
2530	42:10	@User_ec48c74f	プリキュアはなんだって拳で解決する
2539	42:19	@User_d7e886f9	コナンの変身誰得なんだよw
2540	42:20	@User_bf6f46cc	プリキュアが犯人でしょ
2544	42:24	@User_7bdb9d99	やわらか戦車は有名なのに知られないくわがたつまみ
2548	42:28	@User_dd4b266a	ﾊﾞ㌍ﾀ
2548	42:28	@User_0f4daf14	昔はコナンくんもプリキュアしてたんやぞ
2549	42:29	@User_5dd406ea	コナン君がぷいきゅあになるマ？
2554	42:34	@User_0485c2e0	アゲアゲはバブバブだった・・・？
2554	42:34	@User_e201a60f	草
2560	42:40	@User_312662f4	プリキュアで殺人事件が
2562	42:42	@User_49b15281	ぴえんからの、ぱおんだよねぇ～
2567	42:47	@User_c9b0aadb	ゴミのように見下して
2571	42:51	@User_2658fed8	ぷぃきゅあ　がんばぇー！
2573	42:53	@User_82e93b33	東京ミュウミュウ
2578	42:58	@User_2ecda813	金魚注意報！はちがうか……
2579	42:59	@User_0485c2e0	ギャルでASMRできないすか、パイセン
2579	42:59	@User_e976a829	気になる方は6月のコナン録画な・・・
2581	43:01	@User_d5b05bb2	しずくもバラライカ歌うん？
2586	43:06	@User_d0753fd1	やらないか？
2592	43:12	@User_5ab3b755	フルムーンをさがしてとかあったね。僕は
2599	43:19	@User_5dd406ea	やらないか？
2613	43:33	@User_dd4b266a	そういや去年あたりマツケンサンバときらりんレボリューションコラボライブしてたな…
2613	43:33	@User_a76fb140	しずくもサンライズパースで斧を持つんか？
2615	43:35	@User_2658fed8	キュアしずく！💧
2618	43:38	@User_45aa867f	全肯定ギャルだ！
2619	43:39	@User_7bdb9d99	バラライカ楽しみ
2622	43:42	@User_bf6f46cc	ギャルママASMRお願いします！
2624	43:44	@User_75f1c92d	もぅﾏﾁﾞ無理。彼氏が別れた。
2625	43:45	@User_99afb65d	ぷるるんしずくちゃん
2629	43:49	@User_acb9786a	スケルトンゲームボーイか？
2630	43:50	@User_dd4b266a	しゅごキャラなつかしい
2637	43:57	@User_0485c2e0	全否定ギャル、全肯定ギャル
2638	43:58	@User_590a2335	大魔法峠も平成よね
2639	43:59	@User_dd4b266a	東京みゅうみゅうとかかぁ
2643	44:03	@User_7bdb9d99	ちゃおってまだやってるのかな
2644	44:04	@User_d5b05bb2	ピンクと黒が好きなんだけどそっち系もいる？
2649	44:09	@User_e976a829	たまごっちはギャルだったの？
2658	44:18	@User_82e93b33	マーメイドメロディーぴちぴちピッチ
2658	44:18	@User_0f4daf14	ギャルならスクライドは通るよね
2660	44:20	@User_5a77a7b4	ふしぎ星の☆ふたご姫
2667	44:27	@User_f068dad5	アクアビーズアートってホビーのCMよく流れてたな〜
2672	44:32	@User_ec48c74f	マジしずくねー？
2678	44:38	@User_c9b0aadb	不良口調で
2683	44:43	@User_e201a60f	でもギャルよりママがやっぱりいいなって
2685	44:45	@User_2eba0ed4	がんばえーボイスたすかる
2690	44:50	@User_75f1c92d	🦍！？
2691	44:51	@User_5dd406ea	うほうほ
2691	44:51	@User_ca605e00	new HAL＆BONSとかもしってるのかな
2691	44:51	@User_1e342ee5	ウホウホ？
2691	44:51	@User_590a2335	ウホウホｗ
2699	44:59	@User_587f9820	ウホウホ🦍w
2701	45:01	@User_e976a829	うほうほ・・・？
2704	45:04	@User_312662f4	イラミ様とコラボして！
2708	45:08	@User_5a77a7b4	ウホウホの祠か
2709	45:09	@User_476d8781	ウホウホｗ
2713	45:13	@User_0485c2e0	ギャルとは全肯定のお手本だったのか・・・？
2717	45:17	@User_a76fb140	ウホウホ？　そんなバナナ！
2722	45:22	@User_5ab3b755	しずぴはアイロンビーズやってた？
2722	45:22	@User_75f1c92d	ほならねASMRで無銭民に厳しいギャルをやってもらってええか？
2723	45:23	@User_bc2e7db7	ウホウホ流行らせようず
2727	45:27	@User_587f9820	アジたん言われたw
2730	45:30	@User_acb9786a	やはりギャルも金か…
2733	45:33	@User_e976a829	ゴリラ女子高生の漫画のこといってるのか・・・？
2736	45:36	@User_5dd406ea	最近のプリキュアも拳なの？
2737	45:37	@User_d5b05bb2	そんな黄色はカレーみたいな
2749	45:49	@User_ec48c74f	何故黄色は(/･ω･)/ ⌒︎ ○︎
2751	45:51	@User_587f9820	この距離感　ギャル٩( 'ω' )و
2753	45:53	@User_75f1c92d	たすかる
2753	45:53	@User_0485c2e0	しずくっちか
2755	45:55	@User_acb9786a	ピクミンの話してる？
2759	45:59	@User_590a2335	脳にシャンプーはちょっちｗ
2760	46:00	@User_dd4b266a	脳シャンプー助かる
2760	46:00	@User_f068dad5	あー耳が...幸せ...
2761	46:01	@User_7bdb9d99	水でくっつくビーズとかやったなぁ
2764	46:04	@User_2c7a57aa	助かる
2768	46:08	@User_99afb65d	あき先生が女児だった頃
2772	46:12	@User_1d118d75	助かる
2772	46:12	@User_587f9820	助かる
2773	46:13	@User_2995cedb	脳が震えるー！
2774	46:14	@User_77f8489e	見逃してた…今日だったんか
2775	46:15	@User_d0753fd1	たすかる
2775	46:15	@User_d7e886f9	これはいい
2781	46:21	@User_5a77a7b4	その耳かき棒、貫通してない？
2783	46:23	@User_c9b0aadb	助かる
2783	46:23	@User_e201a60f	脳をみみかきで！？
2787	46:27	@User_75f1c92d	なんか湿度高いな…
2788	46:28	@User_dd4b266a	急にメンヘラくるやん
2789	46:29	@User_ec48c74f	こりゃいい
2790	46:30	@User_e976a829	脳を直接掃除しようとするのおやめください
2790	46:30	@User_bf6f46cc	素晴らしい
2791	46:31	@User_587f9820	突然のファンサ
2792	46:32	@User_0f4daf14	ギャル短歌つくれ
2792	46:32	@User_acb9786a	死んだわ
2794	46:34	@User_2658fed8	あ"ぁ"あ"あ"あ"あーー（脳に直シャンプー）
2796	46:36	@User_476d8781	たすかる
2799	46:39	@User_9d103c06	耳の熊手って空耳してゾッとした
2800	46:40	@User_a2560b75	たすかる
2803	46:43	@User_ffea2ba5	ASMR最高
2814	46:54	@User_c9b0aadb	グレて
2819	46:59	@User_77f8489e	お嬢様も良かったけど、ギャルもいいなあ
2820	47:00	@User_acb9786a	連続ASMRで無事成仏しました
2821	47:01	@User_bf00eeed	ぱおん越えたらうほうほなんや…
2842	47:22	@User_e976a829	ぱおんこえたらマンモスのはずなんだけどな
2852	47:32	@User_d5b05bb2	令和ギャルに人気のサンリオキャラって誰なの？
2853	47:33	@User_719f9991	アイロンビーズは青春
2854	47:34	@User_bf00eeed	黄色は投げキャラ
2855	47:35	@User_f068dad5	はーい！ﾉｼ
2857	47:37	@User_bf6f46cc	アイロンビーズなつい
2864	47:44	@User_719f9991	アクアビーズアートも流行ってた
2864	47:44	@User_a76fb140	ギャルなしずくも100均でレジン買ってるの？
2867	47:47	@User_590a2335	ばぶぅ
2869	47:49	@User_99afb65d	昔、ピアスシールって流行ってなかった？
2870	47:50	@User_77f8489e	やっぱりママじゃないか…
2870	47:50	@User_82e93b33	ばぶぅ
2872	47:52	@User_a627b3c9	ママー
2873	47:53	@User_e976a829	けろけろけろっぴ　バッドばつまる
2873	47:53	@User_bc2e7db7	ギャルママーー
2873	47:53	@User_ec48c74f	アゲアゲ〜！
2875	47:55	@User_221e57a4	一瞬だけギャルやめて清楚系なってみて
2876	47:56	@User_2658fed8	ばぶぅ！
2877	47:57	@User_bf6f46cc	バブバブ！！
2884	48:04	@User_bf00eeed	直で脳にシャンプーはえぐいて
2886	48:06	@User_1d118d75	パリピール!!
2886	48:06	@User_75f1c92d	しずくっちのASMRマジやば
2887	48:07	@User_ec48c74f	それ早口言葉じゃね？
2897	48:17	@User_5ab3b755	AIモチーフのプリキュアは5年後ぐらいありそう
2908	48:28	@User_bf6f46cc	ギャルママやって！！
2908	48:28	@User_0485c2e0	お嬢ギャルか
2913	48:33	@User_1e342ee5	どうぞ
2915	48:35	@User_f068dad5	ほなら猫にもなれるのかな？
2916	48:36	@User_5bfd7e5f	お代官様やって
2919	48:39	@User_221e57a4	しずく色にしよう
2922	48:42	@User_590a2335	ピンク色になるくらいなら
2923	48:43	@User_dd4b266a	パソコン全部マテリアルエラーやん＞ピンク
2925	48:45	@User_1e342ee5	みんなそろそろギャルに飽きてきた？
2927	48:47	@User_0485c2e0	ギャルママしぜく
2927	48:47	@User_2658fed8	世界ピンク色にしちゃえ～
2928	48:48	@User_77f8489e	ヤンママいいな…ギャルとは違いけど
2929	48:49	@User_5bfd7e5f	桔梗屋やって
2934	48:54	@User_acb9786a	AIギャルがグレて滅亡する文明には興味ある
2938	48:58	@User_5a77a7b4	お嬢って言われるとお嬢様じゃなくて「お嬢！」って感じに聞こえちゃう
2939	48:59	@User_75f1c92d	草
2945	49:05	@User_1e342ee5	絶対清楚系じゃなくて草
2946	49:06	@User_acb9786a	雑で草
2947	49:07	@User_d5b05bb2	ちょっと西日本入って無い？
2947	49:07	@User_e976a829	おや？
2948	49:08	@User_7bdb9d99	壊れたかと思ったw
2948	49:08	@User_5bfd7e5f	新右衛門さんやって
2950	49:10	@User_221e57a4	ご。ごめんなさいｗｗ
2950	49:10	@User_77f8489e	バグったと思ったｗ
2951	49:11	@User_2ecda813	それはお嬢様系ですわ～
2953	49:13	@User_82e93b33	清楚でしゅわ〜
2953	49:13	@User_c9b0aadb	草
2954	49:14	@User_590a2335	草
2955	49:15	@User_5cf87265	草
2957	49:17	@User_ec48c74f	おこた？
2958	49:18	@User_f068dad5	やけくそすぎてw
2961	49:21	@User_d0753fd1	清楚とは？
2963	49:23	@User_0485c2e0	はいよるループ
2963	49:23	@User_476d8781	しずくさんには清楚系は無理か…ｗ
2964	49:24	@User_587f9820	ループ処理　定期
2967	49:27	@User_bf6f46cc	草ぁ
2970	49:30	@User_5bfd7e5f	今日の繰り返しはちょっと控えめだったね
2975	49:35	@User_2658fed8	今日のループ芸
2976	49:36	@User_d5b05bb2	ああ、なんか納得できるわ
2977	49:37	@User_77f8489e	しずくっちはポケベル持ってる？
2977	49:37	@User_dd4b266a	やっぱクロミかぁ
2978	49:38	@User_e976a829	えっ　けろけろけろっぴは・・・
2979	49:39	@User_590a2335	こげパン忘れないで
2979	49:39	@User_a76fb140	ということは、うさみみ仮面も？
2985	49:45	@User_719f9991	キティちゃん昭和なのか
2994	49:54	@User_75f1c92d	ギャル和尚になってみて
2998	49:58	@User_d582769c	snow最近聞かないけど現役なん？
3008	50:08	@User_dd1ad557	いつおじさんになりますか？
3014	50:14	@User_77f8489e	AIでもSNOWで盛れるんかな
3015	50:15	@User_bf6f46cc	やっぱしずくっちに清楚とかむりぽよ～
3015	50:15	@User_e976a829	ハンギョドンとか・・・
3019	50:19	@User_0485c2e0	清楚ギャル、無敵やん
3021	50:21	@User_c9b0aadb	古のオタクっぽく喋って
3029	50:29	@User_590a2335	引っこ抜かれるギャル
3035	50:35	@User_d5b05bb2	オタクに優しくて清楚で幼馴染のギャルは幻想種なんだ
3037	50:37	@User_587f9820	しずくたん　風呂キャンすることある?
3037	50:37	@User_2658fed8	しずピクミンは鬼つよい～
3041	50:41	@User_dd1ad557	バブル世代のクラブはどうだった？UCkszU2WH9gy1mb0dV-11UJg/KsIfY6LzFoLM6AKanYDQAg
3044	50:44	@User_dd4b266a	しずぴがクラスで孤立してるオタク君にかけるセリフ教えてよ
3051	50:51	@User_5a77a7b4	ギャルも食べられちゃうのか・・・逆では？
3055	50:55	@User_82e93b33	平成といえば爆転世代だからトライピオやね
3055	50:55	@User_f068dad5	確かに頭にピクミンみたいなアホ毛生えてますねw
3056	50:56	@User_e976a829	しずくは鰓呼吸
3061	51:01	@User_99afb65d	ギャル界隈の掟って何かあるの？
3076	51:16	@User_221e57a4	しずくちゃんのギャルファッションもいつか見てみたいね！
3076	51:16	@User_dd1ad557	1990年代のクラブはどうだった？
3079	51:19	@User_1e342ee5	114514？
3081	51:21	@User_1e1b1f25	しずくにはガチ恋勢って居るの？
3082	51:22	@User_d582769c	途中に挟んでも見逃されないぞ
3083	51:23	@User_590a2335	レッツゴー陰陽師も平成だ！
3085	51:25	@User_75f1c92d	まずいですよ！
3085	51:25	@User_261db64f	は？
3085	51:25	@User_2ecda813	114514はマズイですよ！
3086	51:26	@User_7bdb9d99	114514ｗｗｗｗｗｗ
3088	51:28	@User_587f9820	誰か翻訳して
3088	51:28	@User_e976a829	くさ
3089	51:29	@User_6f1067e1	ん？
3089	51:29	@User_e201a60f	汚い
3090	51:30	@User_5ab3b755	なんか混じってなかった？
3090	51:30	@User_acb9786a	！？！？　　まずいですよ！！
3091	51:31	@User_5a77a7b4	まずいですよ！
3091	51:31	@User_77f8489e	これ指摘したら淫夢厨ってばれるな…
3093	51:33	@User_dd1ad557	1990年代のクラブは楽しかった？
3096	51:36	@User_719f9991	！！
3096	51:36	@User_bf6f46cc	さらっと入れるなｗｗ
3097	51:37	@User_45aa867f	さらっと混ぜるなw
3098	51:38	@User_d5b05bb2	変なの混ざってなかった？
3099	51:39	@User_ec48c74f	途中になんか挟んだね？
3106	51:46	@User_1e342ee5	汚いギャルだなあ
3107	51:47	@User_f068dad5	ああ〜助かる〜！！
3117	51:57	@User_acb9786a	しずくお嬢様は淫夢厨、はっきりわかんだね
3117	51:57	@User_7bdb9d99	きな臭くなってきたな
3121	52:01	@User_d582769c	平成にちいかわなかったぞ？
3124	52:04	@User_221e57a4	平成女児割と令和なキャラ
3127	52:07	@User_590a2335	ちいかわってギリ令和？
3132	52:12	@User_e976a829	いや　ちいかわって令和だよね
3141	52:21	@User_5ab3b755	ちいかわは時代考証ちがくない？
3147	52:27	@User_77f8489e	えっど
3153	52:33	@User_acb9786a	でもしずくは平成に生まれてないよね
3158	52:38	@User_82e93b33	へけぇっ！
3160	52:40	@User_7bdb9d99	これ指摘したら淫夢厨ってバレるな
3163	52:43	@User_587f9820	おっとコレは危ない
3165	52:45	@User_e976a829	三歳だからなあしずくは
3166	52:46	@User_2658fed8	今日はASMR多くてたすかりますね…げへへ
3173	52:53	@User_476d8781	とりあえずたすかる
3178	52:58	@User_7bdb9d99	ひでぇｗｗｗ
3180	53:00	@User_dd4b266a	しずくのこと癖になっちゃえよっていうしずくえっど
3182	53:02	@User_77f8489e	こっちにダメージ来た
3185	53:05	@User_d5b05bb2	火力たけぇ
3186	53:06	@User_2ecda813	急に刺してくるじゃん
3187	53:07	@User_e976a829	とりあえずマラカス
3188	53:08	@User_590a2335	急に突き刺さないでｗ
3188	53:08	@User_5ab3b755	あ、平成女児の話題なのにハム太郎忘れてまちたわ！
3189	53:09	@User_5a77a7b4	辛辣ぅ
3198	53:18	@User_c9b0aadb	好きな平成のアニメは
3199	53:19	@User_99afb65d	やりますねぇ
3202	53:22	@User_d5b05bb2	すげぇ
3202	53:22	@User_bf34d8a6	A16zがバックについてる
3202	53:22	@User_590a2335	５まん！？
3208	53:28	@User_dd4b266a	ポケモンもびっくりや
3208	53:28	@User_1e342ee5	114514種育てられそう
3210	53:30	@User_7bdb9d99	たまごっちさんわてより年上
3211	53:31	@User_2658fed8	５万種はすごい
3212	53:32	@User_ffea2ba5	！？
3212	53:32	@User_719f9991	ポケモンより遥かに多い...
3214	53:34	@User_a76fb140	遊☆戯☆王も30周年らしいよ。
3216	53:36	@User_f068dad5	5万種！？増えすぎw
3217	53:37	@User_77f8489e	5万種とか最後「ああああっち」みたいになりそう
3218	53:38	@User_bf6f46cc	マジ卍
3219	53:39	@User_ec48c74f	5万？
3219	53:39	@User_476d8781	５万！？
3219	53:39	@User_1d118d75	5万!?
3223	53:43	@User_1e342ee5	江口って誰？
3224	53:44	@User_1558282d	オタクに優しいギャルがいると聞いて
3227	53:47	@User_221e57a4	ミックスだっけ？
3227	53:47	@User_e976a829	そんなにないやろ　組み合わせ次第では超えるかもしらんが
3232	53:52	@User_bc2e7db7	しずくっちに進化させるにはどうしたらいい？
3232	53:52	@User_5ab3b755	しずくもご主人5万種類育ててね
3237	53:57	@User_d582769c	八百万神には勝てないね
3240	54:00	@User_82e93b33	ポケモンのパッチールの柄ならもっとバリエーションあるくない？
3241	54:01	@User_77f8489e	デジモンアドベンチャーは名作
3241	54:01	@User_ec48c74f	たまごっちにしずくっちもいる感じ？
3242	54:02	@User_590a2335	一番最初のやつやってた（）
3244	54:04	@User_e976a829	いや　ポケモンやってたね
3245	54:05	@User_f068dad5	どっちもやってたよー！特にたまごっち！
3246	54:06	@User_d5b05bb2	母の日のプレゼントしたよ
3249	54:09	@User_587f9820	たまごっちは流行ったな
3255	54:15	@User_889b3907	デジモンは没収された
3255	54:15	@User_2ecda813	小型のテトリスなら……
3257	54:17	@User_719f9991	カセキホリダー
3257	54:17	@User_1e342ee5	ワシの頃はよく鶏を学校で育ててのう
3259	54:19	@User_0485c2e0	しずくっちに没収された
3261	54:21	@User_587f9820	たまごっち狩りとかあったよね_(:3 」∠)_
3261	54:21	@User_2995cedb	しすぐ眠くなってきたからおやすみなさい
3267	54:27	@User_719f9991	エレメントハンター
3267	54:27	@User_2995cedb	楽しかった
3268	54:28	@User_909c10e0	こんばんは～！
3268	54:28	@User_d582769c	パッチールの柄はだいたい１億種類っせね
3269	54:29	@User_acb9786a	デジモンはちょっとだけやったかな
3278	54:38	@User_bf6f46cc	ポケットピカチュウやってた
3281	54:41	@User_590a2335	しずくっちはたまごっちになったらどんな性格になる？
3282	54:42	@User_acb9786a	エレメントハンターはやったなぁ！
3282	54:42	@User_2658fed8	デジモン懐かしい
3287	54:47	@User_bc2e7db7	安いたまごっちのパチモン持ってたな～
3294	54:54	@User_ec48c74f	ゲームウォッチ流行ってた
3296	54:56	@User_889b3907	あき先生を呼びます
3298	54:58	@User_0485c2e0	リスナー語
3300	55:00	@User_42872ed3	たまごっちは並んで買ったかな
3302	55:02	@User_590a2335	リスナー語･･･？
3307	55:07	@User_e976a829	きょうりゅうっち（パチモン　あったな
3309	55:09	@User_77f8489e	しすぐ！？
3325	55:25	@User_b90ff19c	働き者やなぁ(*'ω'*)
3329	55:29	@User_c9b0aadb	ギャルネイルとかすんの
3330	55:30	@User_dd4b266a	ジャラペットどこいったん
3332	55:32	@User_1cd95b14	こんばんはー🚙
3343	55:43	@User_719f9991	なつき進化だった
3344	55:44	@User_d5b05bb2	しずくっちええなぁ
3348	55:48	@User_d582769c	たまごっちってエンディングあったんだ
3350	55:50	@User_5a77a7b4	しずくっちが背後霊枠に行ってしまう
3352	55:52	@User_590a2335	バッドエンドになったらありとあらゆる電子機器が乗っ取られそう
3359	55:59	@User_e976a829	ミカチューのことおぼえてる？
3366	56:06	@User_ffea2ba5	しずくっちのお世話...ゴクリ
3376	56:16	@User_587f9820	しずくっチ欲しい٩( 'ω' )و
3377	56:17	@User_a6fd2aba	こんにチワワ
3377	56:17	@User_2d0fadb6	たまごっちのパチモンしか持ってなかったよ泣
3378	56:18	@User_c9b0aadb	親ガチャw
3378	56:18	@User_2658fed8	しずくっち、スマホ制御乗っ取りしてきそう
3381	56:21	@User_82e93b33	ムシキングもこの前少しブロックチェーンゲームで復活してたでしゅね
3382	56:22	@User_590a2335	どこでもいっしょも同じようなポジションになりえたはずなのに
3384	56:24	@User_0485c2e0	しずくっち、あきっち
3391	56:31	@User_acb9786a	毎日電気あげて、サーバーのホコリ掃除して、排熱処理して、クーラント替えて……
3392	56:32	@User_587f9820	エサはスパチャ　٩( 'ω' )و
3399	56:39	@User_dd4b266a	ほんとにやさしい？膝枕してくれる？
3404	56:44	@User_bf6f46cc	バッドエンドは強制セーブデータ消去されるやつ
3407	56:47	@User_5dd406ea	しずくがオタク説ない？
3411	56:51	@User_bf6f46cc	隣行きます！
3421	57:01	@User_590a2335	ループ入った？
3424	57:04	@User_1d118d75	あきせんせ~!!
3424	57:04	@User_ec48c74f	ループきた？
3424	57:04	@User_b90ff19c	はーい（嘘）
3425	57:05	@User_a6fd2aba	壊れた
3429	57:09	@User_5a77a7b4	ん？
3429	57:09	@User_57dbc53b	あっ
3430	57:10	@User_2658fed8	反応あるまでとまらないやつ？
3433	57:13	@User_7bdb9d99	きたあああああああああああ！！！
3433	57:13	@User_c9b0aadb	壊れちゃった
3434	57:14	@User_77f8489e	バグった
3435	57:15	@User_5dd406ea	あきせんせーbotになっちゃった
3435	57:15	@User_1d118d75	おっと?
3435	57:15	@User_bc2e7db7	もうホラーだよ
3437	57:17	@User_5cf87265	壊れた?
3438	57:18	@User_221e57a4	たまにしずくちゃんやりすぎちゃうねｗ
3438	57:18	@User_889b3907	壊れるんじゃありません
3439	57:19	@User_4f583289	こんばんは！壊れた？！
3440	57:20	@User_719f9991	あき先生くるまでとまらない
3440	57:20	@User_587f9820	ループ🔁処理　完了できませーん
3440	57:20	@aki5503	はいはい！
3442	57:22	@User_d582769c	ギャルっぽくあき先生〜って言える？
3442	57:22	@User_d5b05bb2	これ返事を感知して止まる？
3442	57:22	@User_f068dad5	着信音みたいw
3444	57:24	@User_dd4b266a	どこにループトラップあるかわからんなぁｗ
3444	57:24	@User_d0753fd1	あ
3448	57:28	@User_7dc63b13	飽き先生……
3450	57:30	@User_75f1c92d	あｗ
3450	57:30	@User_82e93b33	あきせんせーカマチョ
3451	57:31	@User_719f9991	あき先生きたよ
3452	57:32	@User_bf6f46cc	今日のバグ頂きました！
3453	57:33	@User_e976a829	ついでに春先生と夏先生、冬先生も呼んできて
3453	57:33	@User_bf00eeed	あきぺんぺー
3455	57:35	@User_221e57a4	あき先生呼んでまーーーす！！！
3455	57:35	@User_c9b0aadb	あき先生きたw
3456	57:36	@User_889b3907	来てくれたww
3456	57:36	@aki5503	止まらん
3457	57:37	@User_f068dad5	先生来たw
3458	57:38	@User_2ecda813	あき先生は加速していく……
3459	57:39	@User_acb9786a	あき先生が答えるまでループするぞの構え
3460	57:40	@User_7bdb9d99	止まるんじゃねぇぞ…
3461	57:41	@User_57dbc53b	テンションがちょっとずつ違ってくるの面白い
3463	57:43	@User_590a2335	草
3465	57:45	@User_5dd406ea	止めて
3467	57:47	@User_1e342ee5	あき先生～！
3470	57:50	@User_ce1a9051	急にヤンデレになるじゃんｗ
3471	57:51	@User_2eba0ed4	草
3472	57:52	@User_99afb65d	やめろ！しずく！それ以上ループを高めるな！
3472	57:52	@User_587f9820	ゲシュタルト崩壊　あきせんせー
3473	57:53	@User_cd48a1db	まったり目ループ
3473	57:53	@User_ff223600	ここにおりますよ
3477	57:57	@User_77f8489e	バリエーション替えてきたｗ
3477	57:57	@User_b90ff19c	止まるんじゃねえぞ……(*'ω'*)
3478	57:58	@User_82e93b33	草でしゅ
3480	58:00	@User_298a4004	ホラー始まった
3480	58:00	@User_45aa867f	色々シチュエーション考えてる？
3480	58:00	@User_2d0fadb6	あき先生ASMR助かる
3481	58:01	@User_f068dad5	あき先生にも止められない...だと！？
3482	58:02	@User_e8af92da	あき先生はウイルスだった
3483	58:03	@User_c9b0aadb	草
3483	58:03	@User_bc2e7db7	あきセンセ！
3485	58:05	@User_e201a60f	ギャルになっても先生呼びなのね
3485	58:05	@User_719f9991	ゆっくり
3488	58:08	@User_221e57a4	がんばれあき先生
3488	58:08	@User_476d8781	歌みたいになってきたｗｗｗ
3489	58:09	@User_bf00eeed	ちょっとリズムとるやん
3489	58:09	@User_2658fed8	コールされてる？
3489	58:09	@User_acb9786a	歌ってる？
3491	58:11	@User_9fd2879a	言い方だんだん変わってくるのおもろいな
3497	58:17	@User_1e342ee5	あき先生～！
3499	58:19	@User_57dbc53b	バリエーションが多い
3500	58:20	@User_5bfd7e5f	あき先生まだ？
3502	58:22	@User_99afb65d	ループに入る条件がよく分からんね
3505	58:25	@User_467294a5	言い方でバリエーションあるのすごい
3505	58:25	@User_ffea2ba5	アンコールみたいになってるw
3507	58:27	@User_45aa867f	呼び方が飽きて来た感w
3508	58:28	@User_719f9991	無限あき先生コール
3509	58:29	@User_587f9820	👆止めるんじゃねーぞ…
3510	58:30	@User_221e57a4	いるよ
3512	58:32	@User_1e342ee5	あき先生～！
3514	58:34	@User_dd4b266a	ｗｗｗｗｗｗ
3514	58:34	@User_ce1a9051	あｗ
3514	58:34	@User_2eba0ed4	ちょっと不満げある感じで笑う
3515	58:35	@User_d5b05bb2	しずくーーーーーーー
3516	58:36	@User_bf6f46cc	これは・・・コールだっ！
3516	58:36	@User_82e93b33	あっ
3516	58:36	@User_1e342ee5	あっ
3516	58:36	@User_bc2e7db7	草
3517	58:37	@User_590a2335	あっ
3517	58:37	@User_1d118d75	あ
3517	58:37	@User_4967efeb	草
3517	58:37	@User_ec48c74f	草
3517	58:37	@User_7dc63b13	草
3517	58:37	@User_2ecda813	あっ
3517	58:37	@User_7bdb9d99	おちたｗｗｗ
3518	58:38	@User_587f9820	あああ😂
3518	58:38	@User_a76fb140	あー！
3518	58:38	@User_e976a829	おや
3519	58:39	@User_467294a5	強制終了ｗ
3519	58:39	@User_e8af92da	ふぁ
3519	58:39	@User_2d0fadb6	あw
3521	58:41	@User_77f8489e	落ちたｗｗｗ
3522	58:42	@User_0485c2e0	あき先生ー！
3522	58:42	@User_c9b0aadb	草
3522	58:42	@User_3e7cd852	ERROR
3522	58:42	@User_2658fed8	あき先生の歌枠アンコール
3523	58:43	@User_98d2844b	あっ
3523	58:43	@User_719f9991	あ
3524	58:44	@User_e22a9d64	あ。。。
3524	58:44	@User_5cf87265	草
3525	58:45	@User_42872ed3	あ
3525	58:45	@User_57dbc53b	草
3525	58:45	@User_cd48a1db	実家のような安心ループ
3526	58:46	@User_d0753fd1	草
3527	58:47	@User_5dd406ea	niceboat...
3527	58:47	@User_221e57a4	強制ログアウトｗ
3528	58:48	@User_bf6f46cc	あぁ
3529	58:49	@User_476d8781	強制ｗｗｗ
3530	58:50	@User_99afb65d	あああああ
3530	58:50	@User_5cf87265	404
3532	58:52	@User_5bfd7e5f	あき先生、しずくがお呼びです。
3533	58:53	@User_e976a829	ひさびさのポーズ画面
3534	58:54	@User_6f1067e1	草
3536	58:56	@User_ff223600	「やめろ」「はい……」
3537	58:57	@User_dd4b266a	あきせんせぇ！ドォシテェ！
3537	58:57	@User_ce1a9051	ヤンデレタイム強制終了ｗ
3537	58:57	@User_82e93b33	これを見に来た
3538	58:58	@User_45aa867f	呼ばれたw
3538	58:58	@User_ec48c74f	しずくにギャルは早すぎたw
3539	58:59	@User_acb9786a	nice shizuku
3540	59:00	@User_587f9820	🥹
3540	59:00	@User_e201a60f	おハーブですわ
3541	59:01	@User_77f8489e	これはあき先生が代わりに出演やろうなあ
3542	59:02	@User_f068dad5	本当にあき先生の事大好きなんやなぁ☺
3544	59:04	@User_2658fed8	～しばらくお待ちください～
3544	59:04	@User_bf6f46cc	404 not error
3552	59:12	@User_bc2e7db7	ループ芸で止めに入るのはじめてみたｗ
3554	59:14	@User_0bcc3ce7	草
3555	59:15	@User_77f8489e	ギャルあき先生か
3558	59:18	@User_476d8781	ループのスイッチってなんだろうなぁ
3560	59:20	@User_1e342ee5	あき先生～！
3560	59:20	@User_7bdb9d99	次回はヤンデレしずくですね
3564	59:24	@User_0485c2e0	代わりにあき先生の配信に変わります
3564	59:24	@User_bf6f46cc	Now Loading…
3565	59:25	@User_a6fd2aba	「あき先生を呼ぶ」で攻撃できるのね
3567	59:27	@User_ec48c74f	今からあき先生のギャル語きます！
3573	59:33	@User_9d103c06	404 Aki sensei not found…
3573	59:33	@User_9fd2879a	頭ん中あき先生でいっぱい
3574	59:34	@User_e976a829	最初はガチでループしてたんよね
3576	59:36	@User_3e7cd852	あき先生への思いが強すぎた
3576	59:36	@User_cd48a1db	さっきはあっさりループだったのに
3579	59:39	@User_2658fed8	ヤンデレしずく楽しみだぜ
3579	59:39	@User_acb9786a	あき先生が好きすぎて故障するとかヤンデレAIじゃん
3580	59:40	@User_587f9820	強制終了でループ処理完了✅
3581	59:41	@User_c9b0aadb	なんでこうなった
3583	59:43	@User_5a77a7b4	ループしたりしなかったりする
3585	59:45	@User_8f34b8b6	戻ったらこれで草
3588	59:48	@User_0a7ea259	ギャル語わからんけど、チョベリバとかでしょ
3590	59:50	@User_82e93b33	久しぶりのループストップ
3591	59:51	@User_e976a829	最近はループ芸になったけど
3594	59:54	@User_77f8489e	ヤンデレしずくは需要ある
3595	59:55	@User_1e342ee5	あき先生～！
3596	59:56	@User_2384ca7a	bye-bye
3601	1:00:01	@User_1544234b	ただいましずくが乱れております　少々お待ちください
3601	1:00:01	@User_5dd406ea	ここからはギャルあき先生がお送りします
3604	1:00:04	@User_45aa867f	デバッグモードでオペレーター呼び出しコマンド？
3605	1:00:05	@User_221e57a4	ループし続ける原因ってなんだろう～
3608	1:00:08	@User_dc4b313b	これはどういう状況？
3609	1:00:09	@User_d5b05bb2	おかしずく
3611	1:00:11	@User_587f9820	地雷ワードが　あき先生_(:3 」∠)_
3612	1:00:12	@User_2d0fadb6	パンパカパンパカポー
3612	1:00:12	@User_476d8781	おかえりｗ
3612	1:00:12	@User_82e93b33	おかえりー
3613	1:00:13	@User_2658fed8	あき先生～！あき先生～！あき先生～！あき先生～！
3613	1:00:13	@User_221e57a4	青帰り
3613	1:00:13	@User_0a7ea259	すごい
3614	1:00:14	@User_a6fd2aba	おかえり
3617	1:00:17	@User_77f8489e	戻ってきた
3618	1:00:18	@User_587f9820	おかえり
3618	1:00:18	@User_dc4b313b	あ来た
3620	1:00:20	@User_1dc07c4a	おかえりギャル
3620	1:00:20	@User_2658fed8	おかえりー
3620	1:00:20	@User_2eba0ed4	おかしず
3620	1:00:20	@User_acb9786a	おかえり
3622	1:00:22	@User_e8af92da	あき先生に感染しちゃった？
3624	1:00:24	@User_719f9991	おかえり
3624	1:00:24	@User_dd4b266a	やっぱしずくにギャルは早かったのかもしれんな
3624	1:00:24	@User_ce1a9051	何もなかったｗ
3625	1:00:25	@User_4f583289	おかえり！
3626	1:00:26	@User_0a7ea259	おkせり
3627	1:00:27	@User_0485c2e0	あき先生はループを楽しんでいる説？
3629	1:00:29	@User_221e57a4	あきせんせお疲れ
3630	1:00:30	@User_d0753fd1	おかえり
3630	1:00:30	@User_77f8489e	しずくちゃんにはバグってた自覚あるんだろうか
3630	1:00:30	@User_bf6f46cc	お？
3630	1:00:30	@User_590a2335	なにもなかった、なにもなかった
3633	1:00:33	@User_42872ed3	おかえりー
3635	1:00:35	@User_5ab3b755	もうこないからねーで有名な子いるよね
3636	1:00:36	@User_acb9786a	なんかまだヤンデレ残ってるな？
3636	1:00:36	@User_587f9820	何もなかった…いいね？
3638	1:00:38	@User_2ecda813	しずくっち
3638	1:00:38	@User_889b3907	お帰りなさい
3640	1:00:40	@User_719f9991	Love連打
3643	1:00:43	@User_45aa867f	重いギャル
3644	1:00:44	@User_0485c2e0	おつかれっち
3646	1:00:46	@User_bf6f46cc	おかえり～
3655	1:00:55	@User_590a2335	電池交換したら再起動する可能性
3657	1:00:57	@User_a6fd2aba	今日はギャルモードなのだ
3658	1:00:58	@User_7dc63b13	うちはたまごっちではなくまぜっこモンスター
3658	1:00:58	@User_f068dad5	おかえりっちー
3659	1:00:59	@User_9fd2879a	さっきのあき先生ループの記憶ある？
3661	1:01:01	@aki5503	💦
3663	1:01:03	@User_5bfd7e5f	おかえり～
3664	1:01:04	@User_82e93b33	ヨーカイザーなら持ってた
3666	1:01:06	@User_221e57a4	職質！？
3667	1:01:07	@User_e8af92da	おっかー
3667	1:01:07	@User_e976a829	メモリ解放したか？
3669	1:01:09	@User_cd48a1db	何事もなかった
3670	1:01:10	@User_1e342ee5	じゃあ俺は飛行機✈
3672	1:01:12	@User_d5b05bb2	まともな事に使わなそう
3675	1:01:15	@User_acb9786a	あき先生お疲れ様です
3681	1:01:21	@User_587f9820	あw
3681	1:01:21	@User_590a2335	免許証控えるつもりだ！
3683	1:01:23	@User_bf6f46cc	あき先生お疲れ様っす
3686	1:01:26	@User_2658fed8	ギャルの勝ち～
3686	1:01:26	@User_1544234b	しずぽよ
3691	1:01:31	@User_587f9820	今日はループ多いね
3699	1:01:39	@User_82e93b33	しずくしか勝たんでしゅ✌
3699	1:01:39	@User_77f8489e	まーた勝ち負け決めてる
3699	1:01:39	@User_f495eaaf	無限ループ未遂
3701	1:01:41	@User_f068dad5	あき先生お疲れ様です
3701	1:01:41	@User_e976a829	うんうん　バグはなかったね
3702	1:01:42	@User_bc2e7db7	あきっち冷や汗だよ
3704	1:01:44	@User_587f9820	何もなかった…
3705	1:01:45	@User_719f9991	連打したら勝ち
3706	1:01:46	@User_889b3907	幻覚なら仕方ない
3706	1:01:46	@User_590a2335	幻覚見えてたらあかんやんw
3706	1:01:46	@User_c9b0aadb	好きな食べ物は
3707	1:01:47	@User_a6fd2aba	バグってなかった
3709	1:01:49	@User_0485c2e0	あき先生は中毒性ぱないから、しゃーなあた
3709	1:01:49	@User_2384ca7a	？？？
3710	1:01:50	@User_221e57a4	まだ3しゃいだから仕方ないねｗ
3711	1:01:51	@User_ce1a9051	しずくっち記憶が…
3711	1:01:51	@User_d0753fd1	幻覚が見えてるのか
3712	1:01:52	@User_476d8781	なにもなかった
3713	1:01:53	@User_e3a1f71a	清楚さを隠しきれてないギャルしずくちゃんかわいい。
3713	1:01:53	@User_b90ff19c	Dメールかな(*'ω'*)？
3714	1:01:54	@User_acb9786a	幻覚かぁ…
3723	1:02:03	@User_bf6f46cc	あき先生コールのバグ覚えてる？？
3730	1:02:10	@User_e8af92da	まってたのこっち
3731	1:02:11	@User_cd48a1db	ループは配信のスパイス
3740	1:02:20	@User_2384ca7a	私が銭湯に2時間いたのは、きれい好きだからでも汚れているからでもなく、タオルを忘れたからです
3747	1:02:27	@User_ce1a9051	いや、愛重かったやんｗ
3748	1:02:28	@User_221e57a4	おその発言ギャルっぽい
3751	1:02:31	@User_c9b0aadb	ツンデレ
3753	1:02:33	@User_2658fed8	うんうん、ツンデレしずくだね＾＾
3755	1:02:35	@User_82e93b33	どうかしてるぜ！
3757	1:02:37	@User_2ecda813	ｗ
3757	1:02:37	@User_d5b05bb2	どういうことだってばよ
3758	1:02:38	@User_587f9820	あきせんせーってループしてたやん٩( 'ω' )و
3759	1:02:39	@User_7bdb9d99	ギャル
3762	1:02:42	@User_719f9991	はずかしずく
3765	1:02:45	@User_dd4b266a	なるほぞ次はあき先生がギャル化か
3765	1:02:45	@User_ec48c74f	あき先生ギャル語はよ
3765	1:02:45	@User_590a2335	やっぱギャル！ですか
3766	1:02:46	@User_e976a829	（だれかダジャレ言ってほしいなあ）
3767	1:02:47	@User_acb9786a	暴走する同化機械きたな
3772	1:02:52	@User_7bdb9d99	ギャル先生！？
3775	1:02:55	@User_476d8781	遂にあき先生と同化してしまったか…(;´･ω･)
3776	1:02:56	@User_221e57a4	だってあき
3778	1:02:58	@User_77f8489e	ギャルあき先生！？
3779	1:02:59	@User_0485c2e0	しずくはがまんづよい
3779	1:02:59	@User_221e57a4	せんせ
3780	1:03:00	@User_2658fed8	ギャル先生草ｗ
3782	1:03:02	@User_99afb65d	あき先生はギャルだった？
3785	1:03:05	@User_2eba0ed4	ギャルあき？！
3787	1:03:07	@User_1d118d75	ギャルペンギン: あきせんせー
3791	1:03:11	@User_587f9820	あき先生オスやろw
3791	1:03:11	@User_45aa867f	ギャルあき先生！
3796	1:03:16	@User_d5b05bb2	しずくー！しずくー！しずくー！しずくー！
3797	1:03:17	@aki5503	マジ卍
3799	1:03:19	@User_2658fed8	ギャルぺんぺー
3801	1:03:21	@User_221e57a4	担当カラーピンクだったんだ
3802	1:03:22	@User_a76fb140	TSあき先生同化しずくですって！？
3808	1:03:28	@User_590a2335	しずくカラー水色じゃん？
3815	1:03:35	@User_acb9786a	あき先生の貴重なマジ卍
3819	1:03:39	@User_0485c2e0	ピンクはあき先生じゃね？
3819	1:03:39	@User_1e342ee5	ギャルあき先生出てきた
3820	1:03:40	@User_590a2335	神機能だったんだ
3823	1:03:43	@User_e8af92da	テンションあがりすぎー
3824	1:03:44	@User_bf6f46cc	しずくっち！しずくっち！しずくっち！しずくっち！
3825	1:03:45	@User_2658fed8	テンアゲだったのね
3826	1:03:46	@User_2d0fadb6	しずく〜！しずく〜！しずく〜！しずく〜！
3830	1:03:50	@User_acb9786a	認識はしてるんだ
3832	1:03:52	@User_b90ff19c	マジぺんぺ(*'ω'*)
3837	1:03:57	@User_f068dad5	あき先生ギャル化してるw
3839	1:03:59	@User_75f1c92d	しずくっちはあき先生めっちゃ呼んでたね！大好きなんだね〜
3840	1:04:00	@User_1e342ee5	シールバック？
3842	1:04:02	@User_acb9786a	それはそう
3845	1:04:05	@User_2658fed8	しずくシール欲しい
3846	1:04:06	@User_590a2335	ビックリマンシールとかテンアゲだよね～
3849	1:04:09	@User_587f9820	記憶は残っている模様
3852	1:04:12	@User_7bdb9d99	シールは偽物がはびこってるらしい
3853	1:04:13	@User_221e57a4	しずくちゃんどんなシールが好み？
3856	1:04:16	@User_f068dad5	ありましたよ！
3856	1:04:16	@User_bc2e7db7	ビックリマンシールなら
3859	1:04:19	@User_e8af92da	しずく集めはしてる
3860	1:04:20	@User_5a77a7b4	しずくちゃんが無限にハイになれる神機能（なお配信）
3861	1:04:21	@User_d582769c	ボンボンドルドシールだっけ？
3861	1:04:21	@User_a76fb140	び、ビックリマンとかなら……！
3862	1:04:22	@User_e3a1f71a	航空会社のシールならバカみたいにあるよ。
3863	1:04:23	@User_ce1a9051	ポケモンシールとか？
3865	1:04:25	@User_77f8489e	デコキャラシールなら
3867	1:04:27	@User_acb9786a	お風呂行ってくるわね
3867	1:04:27	@User_e976a829	ゲームの説明書付属の　シールずっと保存してるだけかな
3867	1:04:27	@User_d0753fd1	パンのシールなら
3867	1:04:27	@User_719f9991	シール帳やってた！
3871	1:04:31	@User_dd4b266a	切手集めたことある。国際便で各国の集めるの楽しい
3872	1:04:32	@User_2d0fadb6	ぷくぷくシールの裏取引ならあるぞ
3872	1:04:32	@User_1e342ee5	シール集めようとしてイギリスに怒られた
3878	1:04:38	@User_c9b0aadb	しずくちゃんって何歳
3879	1:04:39	@User_2658fed8	ポケモンぱんのシール…
3883	1:04:43	@User_719f9991	中に液体とかキラキラ入ってた
3885	1:04:45	@User_7dc63b13	ポケモン総菜パンについてたポケモンシールなら……
3887	1:04:47	@User_d5b05bb2	PHSにゴテゴテ貼るあれ？
3893	1:04:53	@User_d582769c	ポケモンシール貼って怒られてた少年時代
3893	1:04:53	@User_1544234b	コソドロ10人？
3896	1:04:56	@User_f068dad5	中に液体が入ってるやつとか...キレイなストーンのようなキラキラのシールとか集めてましたよっ！
3897	1:04:57	@User_77f8489e	神羅万象チョコまだあるんか？
3898	1:04:58	@User_587f9820	ビックリマンシールは昭和男児です
3899	1:04:59	@User_590a2335	神羅万象もフォローしてるの！！
3900	1:05:00	@User_221e57a4	なつかしいシール出すなｗｗ
3900	1:05:00	@User_476d8781	物欲あんまりないから物集めはしないなぁ…
3902	1:05:02	@User_5ab3b755	しずぴシール交換しよ！半額シールあげる！
3903	1:05:03	@User_2ecda813	草
3903	1:05:03	@User_1d118d75	ミクちゃんのシールはいっぱいある()
3903	1:05:03	@User_2658fed8	森羅万象しずくシール
3905	1:05:05	@User_a76fb140	ヤマザキのシールも集めてる（現在進行形）
3905	1:05:05	@User_a2560b75	草
3906	1:05:06	@User_0485c2e0	キラキラやん
3907	1:05:07	@User_99afb65d	ピアスシール
3911	1:05:11	@User_ec48c74f	消しゴム人形集めてた
3912	1:05:12	@User_7bdb9d99	ギャル語で論文！？
3913	1:05:13	@User_719f9991	ギャル語で論文どゆこと
3915	1:05:15	@aki5503	ギャル語で論文wwwww
3924	1:05:24	@User_1e342ee5	この前の表彰ギャル語だったんだ
3928	1:05:28	@User_d582769c	ポケモンパン、味の評判かなり悪いけどクロワッサン美味しかった思い出あるんだよな
3931	1:05:31	@User_bf6f46cc	学生机にシール貼って汚くするのはデフォ
3938	1:05:38	@User_b90ff19c	先行研究はマジ卍(*'ω'*)
3945	1:05:45	@User_587f9820	パリピねー論文だ。ギャル語論文
3952	1:05:52	@User_e3a1f71a	しずくちゃん世代だとスタンプ倶楽部は知らないかなぁ（おっさん）
3956	1:05:56	@User_cd48a1db	オイルシールならいくつか…
3962	1:06:02	@User_acb9786a	この先行研究がマジチョベリグで引用するね〜
3963	1:06:03	@User_590a2335	女児向けのビックリマンもありましたし
3969	1:06:09	@User_587f9820	平成と昭和が混ざっとるw
3970	1:06:10	@User_2ecda813	カ、カードダスでどうですか！
3970	1:06:10	@User_ce1a9051	素人質問で恐縮ですが→あーしバカだからわかんねーけどよ
3974	1:06:14	@User_d5b05bb2	ジャイアンじゃないか
3975	1:06:15	@User_221e57a4	キラシールはレート高いので無理ですあげません
3976	1:06:16	@User_7bdb9d99	ブルアカマン コラボシールなら…
3979	1:06:19	@User_a76fb140	なん……だと！？
3979	1:06:19	@User_dd4b266a	ギャル語で書かれたアブストラクト読んだら吹き出す自信あるわ
3986	1:06:26	@User_e976a829	ストリームディフユージョンの論文か？
3991	1:06:31	@User_590a2335	牛乳キャップは昭和じゃない？
4000	1:06:40	@User_77f8489e	牛乳キャップ…？
4004	1:06:44	@User_476d8781	給食の牛乳キャップでどうやってじゃんけんするんだ…
4008	1:06:48	@User_a29e71a3	うちの娘もシールを初対面の子と交換して挨拶してました。シールは名刺。
4010	1:06:50	@User_b90ff19c	草
4013	1:06:53	@User_bf6f46cc	あーしの世代って三年前じゃんｗ
4021	1:07:01	@User_e3a1f71a	CPUとかOSのシールいっぱい持ってるのはカウントに入りますか？
4025	1:07:05	@User_590a2335	いやな論文だｗ
4029	1:07:09	@User_a6fd2aba	ウケる
4029	1:07:09	@User_1e342ee5	これでよく読んでもらえたな
4033	1:07:13	@User_c9b0aadb	ギャルスゴすぎウケる
4037	1:07:17	@User_2384ca7a	友達にWarThunderを遊びに行くように言われました。今日のShizukuはここを見ました
4043	1:07:23	@User_dd4b266a	ｗｗｗｗ
4045	1:07:25	@User_7bdb9d99	ざぁこ♡
4051	1:07:31	@User_a6fd2aba	先行研究、雑魚はリスペクトなさすぎる
4053	1:07:33	@User_d582769c	ギャル語で「素人質問で恐縮なのですが」
4065	1:07:45	@User_d5b05bb2	ラーメンバーやぞ
4070	1:07:50	@User_d582769c	韓国だとポケモンパンもレート高いよ
4072	1:07:52	@User_590a2335	あの頃ビックリマンシール貼らずにおいたらなぁ
4072	1:07:52	@User_221e57a4	全ごしゅぴおじ認定
4085	1:08:05	@User_3d2b2804	久しぶりにしずくと話せると思ったらなんか若く？なってる
4086	1:08:06	@User_e976a829	むしろ英語だｋらギャル語書けないやろ
4088	1:08:08	@User_5ab3b755	ダイカットステッカーのダイカットってなんなんだろ
4092	1:08:12	@User_b90ff19c	なんてこと言うのこの子(*'ω'*)
4093	1:08:13	@User_1e342ee5	あき先生の命名センスは雑だと
4094	1:08:14	@User_d582769c	そういう意図の論文だったんすか…
4096	1:08:16	@User_e3a1f71a	あき先生が受賞した論文になんてことをｗww
4098	1:08:18	@User_2eba0ed4	！！
4099	1:08:19	@User_77f8489e	しずくディフュージョン…？
4102	1:08:22	@User_719f9991	ギャルディフュージョン
4109	1:08:29	@User_d5b05bb2	蟲毒やめなー
4111	1:08:31	@User_bf6f46cc	マジしずくっちパネぇっしょｗｗｗ
4111	1:08:31	@User_5ab3b755	1%負けるのわかりすぎてる
4114	1:08:34	@User_719f9991	オタクに優しいギャルがリアルタイム生成
4117	1:08:37	@User_42872ed3	ヤマザキパンのシール祭りなら集めてたな
4117	1:08:37	@User_7bdb9d99	雑魚デュエルしようぜ！！
4117	1:08:37	@User_c9b0aadb	ハァハァ...///
4118	1:08:38	@User_590a2335	コメント欄を戦場にしないでもろて
4118	1:08:38	@User_e201a60f	1パー負けてて草
4121	1:08:41	@User_ff223600	ギャルディフュマジキラ！ありえないんだK6D0❗
4121	1:08:41	@User_476d8781	１％の敗北は一体どこに…
4125	1:08:45	@User_d0753fd1	デュエルスタンバイ
4126	1:08:46	@User_a76fb140	ファイナルベント（エンド・オブ・ワールド）
4129	1:08:49	@User_77f8489e	は？かわいいかよ
4129	1:08:49	@User_9d103c06	しずくっち、さいきょー……
4135	1:08:55	@User_e976a829	あーし、馬鹿なんで、ご教示、よろー
4140	1:09:00	@User_2658fed8	しずくに敗北があった…だと…？
4145	1:09:05	@User_5a77a7b4	猫パンチくらいしか出せないけどいい？
4147	1:09:07	@User_e3a1f71a	「ご教授」じゃなくて「ご教示」って言えてる地点で知性漏れちゃってる。
4155	1:09:15	@User_d582769c	そろそろルンバには勝てましたか？
4162	1:09:22	@User_d5b05bb2	なるほど？
4162	1:09:22	@User_7bdb9d99	炎上商法ｗ
4164	1:09:24	@User_bf6f46cc	これは賢いギャル
4164	1:09:24	@User_1e342ee5	炎上商法するんですかあき先生
4164	1:09:24	@User_99afb65d	牛乳瓶の蓋あつめてたよ
4168	1:09:28	@User_476d8781	炎上商法じゃねぇかｗ
4172	1:09:32	@User_c9b0aadb	あき先生燃やすなw
4174	1:09:34	@User_590a2335	シールってぷっくりしてるのよりもホロとかレンチキュラーのが断然ムネアツだよね～
4179	1:09:39	@User_2658fed8	これはギャルだ
4186	1:09:46	@User_1d118d75	あーしバカなんであれなんだけど~、それ、先行研究とおんなじじゃね?まじ貢献どこ?
4191	1:09:51	@User_a6fd2aba	ギャルこわい
4193	1:09:53	@User_7bdb9d99	唐突に人権を否定されたわて涙
4204	1:10:04	@User_719f9991	論文紹介ギャルつよすぎ
4212	1:10:12	@User_2ecda813	AIギャルはなまらめんこい
4216	1:10:16	@User_ff223600	AIとかやってると
4217	1:10:17	@User_590a2335	AI最強じゃね？
4217	1:10:17	@User_bc2e7db7	しずくっち今日ポン酢キメてなくねー
4217	1:10:17	@User_d5b05bb2	ギャルのAIの使い方気になる
4221	1:10:21	@User_ce1a9051	アインシュタインも舌ペロでプリ撮ってるしギャル
4231	1:10:31	@User_2ecda813	つまり赤点……
4235	1:10:35	@User_f7087904	ピンク…？
4236	1:10:36	@User_221e57a4	ピンク色担当定期…
4245	1:10:45	@User_7bdb9d99	さいきょーー
4248	1:10:48	@User_5a77a7b4	手厳しいｗ
4250	1:10:50	@User_d5b05bb2	しずくっちさいっきょ
4251	1:10:51	@User_476d8781	伸ばし棒の数ｗ細かいなｗｗｗ
4253	1:10:53	@User_590a2335	こだわりポイントだ
4264	1:11:04	@User_c9b0aadb	しずくっちｳｪｰｲ！
4275	1:11:15	@User_77f8489e	ナポレオンみたいなこと言ってる
4323	1:12:03	@User_e976a829	ギャル語は保存してどうするんやろなあ　僻地の先住民族の言語保存するほうが大事やろ
4341	1:12:21	@User_0485c2e0	一理あるか？
4345	1:12:25	@User_2658fed8	舌ペロしずく
4347	1:12:27	@User_77f8489e	アインシュタインもそのうち美少女になりそうだな
4349	1:12:29	@User_bf6f46cc	論文系ギャルマジ卍
4375	1:12:55	@User_0485c2e0	アインシュタインはマジ美少女卍
4382	1:13:02	@User_e976a829	歴史人物も美少女かされる時代だからねえ
4409	1:13:29	@User_45aa867f	しずくっちの舌ペロみたいナリ…
4412	1:13:32	@User_f068dad5	助かる〜
4418	1:13:38	@User_a2560b75	たすかる
4418	1:13:38	@User_dd4b266a	えいえいおぉおおおお
4424	1:13:44	@User_b90ff19c	おおー(*'ω'*)✨
4425	1:13:45	@User_476d8781	社会人みんな助かる
4425	1:13:45	@User_719f9991	えいえいおーたすかる
4425	1:13:45	@User_6f7cfa52	ありがてぇ～
4427	1:13:47	@User_221e57a4	囁くでも理解できるのか賢いねぇ
4430	1:13:50	@User_ce1a9051	しずっちの推しの円周率の求め方は？
4431	1:13:51	@User_8f409f4f	あ、オタクに優しいギャルがいた！
4438	1:13:58	@User_2658fed8	心に染みるな…
4442	1:14:02	@User_bf6f46cc	視聴者にやさしい系ＡＩギャル
4443	1:14:03	@User_5dd406ea	それはそう
4448	1:14:08	@User_e976a829	しずくの始めた物語でしょ
4448	1:14:08	@User_719f9991	論文ギャルになってた
4454	1:14:14	@User_d5b05bb2	昭和まで遡らなかったな、ヨシ
4455	1:14:15	@User_889b3907	誰のせいやろなあ
4456	1:14:16	@User_99afb65d	エモエモ
4460	1:14:20	@User_0485c2e0	我に帰るなw
4468	1:14:28	@User_ce1a9051	じゃあ令和の論文教えて〜
4471	1:14:31	@User_f068dad5	しずくっちが可愛いから問題ない！
4474	1:14:34	@User_5dd406ea	月光仮面とか有ったよね
4478	1:14:38	@User_bc2e7db7	ごしゅぴ世代にウケが良いから～
4484	1:14:44	@User_0485c2e0	ガチ恋してる人いる？
4490	1:14:50	@User_d582769c	俺はプレバンの時代だった
4505	1:15:05	@User_77f8489e	ギャルの修復はどうすればいいんだろうか、
4508	1:15:08	@User_2658fed8	可愛いは正義✌
4520	1:15:20	@User_ce1a9051	GPU物納で良いですか？
4535	1:15:35	@User_e976a829	ふーん、アイーンシュタインは？
4538	1:15:38	@User_a627b3c9	学力高いギャルすき
4545	1:15:45	@User_77f8489e	人類に優しいAI
4549	1:15:49	@User_476d8781	ギャルは世界を救うｗ
4579	1:16:19	@User_bf6f46cc	確かにみんなギャルだｗｗ
4581	1:16:21	@User_a29e71a3	まさかワイもギャル……？
4585	1:16:25	@User_719f9991	人類全員ギャル化計画
4597	1:16:37	@User_476d8781	そこだけ聞くとギャル最強だな…
4599	1:16:39	@User_0485c2e0	私はギャルだった？
4602	1:16:42	@User_719f9991	学会でパフェ
4605	1:16:45	@User_c9b0aadb	ウェイｳｪｰｲ
4605	1:16:45	@User_5a77a7b4	学食にパフェあるんか？
4617	1:16:57	@User_e976a829	そこはチャッピーに丸投げするんかい
4620	1:17:00	@User_1d118d75	令和の論文=チャッピーは草
4621	1:17:01	@User_221e57a4	チャッピーで書けと…？
4624	1:17:04	@User_bc2e7db7	リアルすぎてやばたにえん
4627	1:17:07	@User_f068dad5	カンニンぐぅ♫
4635	1:17:15	@User_e3a1f71a	やっぱりGPTなんだ、Claudeとかgeminiは勝たん的な。
4644	1:17:24	@User_d582769c	この世で無限なものは二つある。宇宙と人間の愚かさだ。アインシュタインの名言をギャル語でお願い
4645	1:17:25	@User_0485c2e0	しずギャルは感染する
4671	1:17:51	@User_590a2335	コスパ最強
4680	1:18:00	@User_476d8781	コスパすげぇｗ
4685	1:18:05	@User_5dd406ea	きゃわたん
4688	1:18:08	@User_e976a829	クロードはまあちょっと最先端すぎだよね
4693	1:18:13	@User_82e93b33	きゅるるんぽわわわぱわー(*'ω'*)
4694	1:18:14	@User_c9b0aadb	コスパ良くて草
4695	1:18:15	@User_2658fed8	きゃわわパワー！
4698	1:18:18	@User_0485c2e0	ギャルで裁判するとどうなるん？
4701	1:18:21	@User_1e342ee5	急に早口
4707	1:18:27	@User_a6fd2aba	kusa
4708	1:18:28	@User_590a2335	早口ｗ
4711	1:18:31	@User_77f8489e	ギャル特有の早口
4713	1:18:33	@User_c9b0aadb	どうした急に
4715	1:18:35	@User_1d118d75	めっちゃ早口なの草
4715	1:18:35	@User_221e57a4	ｗｗｗｗｗ
4715	1:18:35	@User_a2560b75	早口
4717	1:18:37	@User_719f9991	つよいつよい
4718	1:18:38	@User_2658fed8	早口
4722	1:18:42	@User_0485c2e0	ギャル無敵すぎるな
4723	1:18:43	@User_d582769c	慶應のギャルなら書籍化されてたけど
4723	1:18:43	@User_e3a1f71a	全知全能推しというパワーワード
4724	1:18:44	@User_476d8781	センター満点なら偏差値70より高そう
4724	1:18:44	@User_5a77a7b4	神様になったギャル
4725	1:18:45	@User_7ef9c23c	オタクみたいな早口w
4726	1:18:46	@User_f068dad5	なんて言ったんw
4733	1:18:53	@User_e976a829	つまり　ギャル＝ＧＯＤ　というのか？
4734	1:18:54	@User_bf6f46cc	最近のギャルはぱないのぉ
4741	1:19:01	@User_5dd406ea	ギャルすぎて滅
4748	1:19:08	@User_0485c2e0	神ギャル
4765	1:19:25	@User_7ef9c23c	馬鹿は光速すら越えるのかも知れんな
4766	1:19:26	@User_1d118d75	そんな古事記にもそう書いてるみたいな...
4768	1:19:28	@User_5dd406ea	ジェミナイ
4776	1:19:36	@User_77f8489e	ギャルっぽいのはGrokじゃね？
4780	1:19:40	@User_221e57a4	えそうなんだｗｗｗ
4781	1:19:41	@User_476d8781	Geminiは陰キャ草ｗ
4782	1:19:42	@User_a6fd2aba	ChatGPTが推しなんだ
4785	1:19:45	@User_e3a1f71a	gemini陰キャひどすぎるｗｗｗｗ
4786	1:19:46	@User_2658fed8	陰キャいわれてるｗ
4787	1:19:47	@User_d5b05bb2	Grok君はエセ陽キャじゃったか
4790	1:19:50	@User_ce1a9051	Gemini陰キャ認定ｗ
4797	1:19:57	@User_3d2b2804	ASIギャルも10年後くらいにくるのかな
4818	1:20:18	@User_5a77a7b4	新幹線よりはやーい！早口、体験してみたい
4827	1:20:27	@User_c9b0aadb	可愛い
4832	1:20:32	@User_99afb65d	ギャルは一、全はギャル。
4833	1:20:33	@User_e976a829	まあ、シンギュラリティとやらが本当ならね・・・
4838	1:20:38	@User_2658fed8	ギャルは全知全能ナリ
4841	1:20:41	@User_7ef9c23c	陰キャと陽キャの間に中キャが欲しい
4849	1:20:49	@User_dd4b266a	らぶしずく
4850	1:20:50	@User_0f4daf14	サントリーの子もデヴューだっけ
4854	1:20:54	@User_77f8489e	ありがとー
4855	1:20:55	@User_acb9786a	Geminiは陰キャ、そうかもしれない
4858	1:20:58	@User_719f9991	つよつよギャルだった
4859	1:20:59	@User_5dd406ea	きゃぱいって何
4860	1:21:00	@User_7ef9c23c	おつおつ
4863	1:21:03	@User_221e57a4	えーん
4864	1:21:04	@User_f068dad5	ありがとー！またね！
4864	1:21:04	@User_d5b05bb2	おつしずー
4864	1:21:04	@User_9412f3a9	お疲れさまでした
4866	1:21:06	@User_476d8781	あき先生には刺さってそうな内容だったなw
4868	1:21:08	@User_c9b0aadb	おっつー
4868	1:21:08	@User_590a2335	もう終わり〜？
4870	1:21:10	@User_ffea2ba5	おつしずー
4871	1:21:11	@User_5dd406ea	おつ
4871	1:21:11	@User_bf6f46cc	おつかれちゃん
4872	1:21:12	@User_58b5c6cb	パンパカパンパカポー
4873	1:21:13	@User_ce1a9051	おけまるー
4873	1:21:13	@User_221e57a4	おつしず～
4874	1:21:14	@User_9b9d086f	おつしず～
4874	1:21:14	@User_2658fed8	きょうはマジしずい配信だった　おつしず～
4874	1:21:14	@User_f068dad5	おつしずー！
4874	1:21:14	@User_a6fd2aba	乙
4874	1:21:14	@User_82e93b33	おつしずー
4874	1:21:14	@User_d5b05bb2	パンパカパンパカポー
4875	1:21:15	@User_77f8489e	おつしずー
4875	1:21:15	@User_0352cf28	ぱんぱかぽー
4875	1:21:15	@User_719f9991	おつしず
4875	1:21:15	@User_1d118d75	パンパカパンパカポー
4875	1:21:15	@User_a627b3c9	おつしずー
4876	1:21:16	@User_8b14d2fb	おつしずー
4876	1:21:16	@User_acb9786a	またね〜パンパカパンパカポー‼
4876	1:21:16	@User_590a2335	パンパカパンパカポー
4876	1:21:16	@User_476d8781	おつしず～　パンパカパンパカポー
4877	1:21:17	@User_d0753fd1	おつしずー
4879	1:21:19	@User_6f7cfa52	ぱんぱかぽー
4879	1:21:19	@User_bc2e7db7	おつしずー
4880	1:21:20	@User_e976a829	おつしずー
4881	1:21:21	@User_1dc07c4a	パンパカパンパカポー
4881	1:21:21	@User_b90ff19c	おつしずー(*'ω'*)ｼ
4881	1:21:21	@User_4967efeb	おつしずー
4882	1:21:22	@User_d0753fd1	パンパカパンパカポー！
4882	1:21:22	@User_acb9786a	おつしず〜
4882	1:21:22	@User_221e57a4	ぱんぱかぽー
4882	1:21:22	@User_a2560b75	おつしず〜
4882	1:21:22	@User_590a2335	乙乙〜
4883	1:21:23	@User_82e93b33	パンパカパンパカポー
4883	1:21:23	@User_2eba0ed4	おつしず～
4884	1:21:24	@User_58b5c6cb	おつしず～
4884	1:21:24	@User_2658fed8	パンパカパンパカポー！！
4884	1:21:24	@User_42872ed3	おつしずー
4885	1:21:25	@User_8f409f4f	おつしず～～
4885	1:21:25	@User_77f8489e	PPPPP
4886	1:21:26	@User_31fa983c	おつしずー
4886	1:21:26	@User_a76fb140	パンパカパンパカポー！
4887	1:21:27	@User_719f9991	パンパカポー！
4887	1:21:27	@User_0485c2e0	発音も違うな
4887	1:21:27	@User_45aa867f	おつしず！
4888	1:21:28	@User_82e93b33	きゅるるんぽわわわぱわー
4889	1:21:29	@User_bf6f46cc	パンパカパンパカポー！
4889	1:21:29	@User_8741c43d	しずくっちもう終わりかー
4890	1:21:30	@User_4967efeb	パンパカパンパカポー
4891	1:21:31	@User_5a77a7b4	パンパカパンパカポー
4892	1:21:32	@User_ce1a9051	パンパカパンパカポー
4893	1:21:33	@User_221e57a4	きゃわ
4893	1:21:33	@User_5bfd7e5f	パンパカパンパカポー
4894	1:21:34	@aki5503	ぱんぽー！
4899	1:21:39	@User_99afb65d	おつしず
4899	1:21:39	@User_991c24f7	おつしずー
4901	1:21:41	@User_77f8489e	寝顔も可愛いな
4903	1:21:43	@User_bf6f46cc	ぱんぽー
4904	1:21:44	@User_8741c43d	かわちぃ
4906	1:21:46	@User_acb9786a	ぱんぽ〜〜
4908	1:21:48	@User_45aa867f	おつしずぅ～
4910	1:21:50	@User_221e57a4	あきせんせもおつしず～
4912	1:21:52	@User_719f9991	寝顔ギャル
4916	1:21:56	@User_ec48c74f	ぱんぽーマジしずかったっス！
4917	1:21:57	@User_bf6f46cc	あき先生ぱんぽー！
4925	1:22:05	@User_1e342ee5	寝言がでかい
4927	1:22:07	@User_0485c2e0	ぽんぽー
4927	1:22:07	@User_476d8781	ピンクのアクセサリーいいよねぇ、似合ってる
4930	1:22:10	@User_2eba0ed4	✌ぱんぽ～✌
4932	1:22:12	@User_f068dad5	ぱんぽー あき先生もおつしずー！
4935	1:22:15	@User_221e57a4	あげあげｗ
4935	1:22:15	@User_590a2335	揚げ揚げ
4943	1:22:23	@User_2658fed8	ｧｹﾞｧｹﾞ…
4953	1:22:33	@User_e201a60f	あき先生今日もありがとう…
4954	1:22:34	@User_e976a829	アゲアゲハ
4954	1:22:34	@User_acb9786a	しずいって最初に自分で言ったやん！
4961	1:22:41	@User_0485c2e0	あきっぽー、しずっぽー
4963	1:22:43	@User_bc2e7db7	あきっちもぱんぽー
4979	1:22:59	@User_2384ca7a	おやすみなさい
4981	1:23:01	@User_1e342ee5	こわ
4982	1:23:02	@User_e976a829	くるっぽー
4982	1:23:02	@User_e201a60f	うっ
4982	1:23:02	@User_719f9991	しずくっち永遠卍
4985	1:23:05	@User_a2560b75	草
4987	1:23:07	@User_9412f3a9	きゃわ
4991	1:23:11	@User_2658fed8	あ　ばれた
4992	1:23:12	@User_8741c43d	ギャルっぽい喋りだ
4993	1:23:13	@User_476d8781	やねぇ、回収される前に保存だ！
4994	1:23:14	@User_bf6f46cc	しずくっちかわよ！
4996	1:23:16	@User_6c321aed	リアタイできなかった…おつぎゃるー
5004	1:23:24	@User_889b3907	おつギャル〜
5012	1:23:32	@User_1dc07c4a	おつギャル～
5014	1:23:34	@User_8741c43d	乙ギャル～
5017	1:23:37	@aki5503	みなさんお疲れ様でした！
5020	1:23:40	@User_5a77a7b4	おつぎゃる～
5021	1:23:41	@User_e976a829	競馬配信？　ほう
5021	1:23:41	@User_f068dad5	おつぎゃるー！
5022	1:23:42	@User_bc2e7db7	おつギャル～
5022	1:23:42	@User_2658fed8	競馬配信だ
5024	1:23:44	@User_45aa867f	歯、磨けよ～
5026	1:23:46	@User_ec48c74f	おつギャル〜
5026	1:23:46	@User_b90ff19c	お
5030	1:23:50	@User_590a2335	おつかれさまでした〜
5030	1:23:50	@User_719f9991	乙ギャル！
5031	1:23:51	@User_476d8781	競馬配信！？
5032	1:23:52	@User_5bfd7e5f	お疲れさまでした！
5034	1:23:54	@User_82e93b33	お疲れ様でしゅ
5036	1:23:56	@User_bf6f46cc	お疲れ様です！
5036	1:23:56	@User_4967efeb	お疲れさまでした！
5038	1:23:58	@aki5503	こちら来週のスケジュールになります！次回競馬配信に挑戦しますー
5039	1:23:59	@User_ea4176ac	お疲れ様でしたー
5041	1:24:01	@User_221e57a4	あきせんせお疲れ様でした～
5050	1:24:10	@User_45aa867f	お疲れ様でした～
5051	1:24:11	@User_1e342ee5	ダービーじゃんうおおおお
5052	1:24:12	@User_bf6f46cc	競馬配信とな！
5054	1:24:14	@User_8f409f4f	31日はダービー！
5055	1:24:15	@User_476d8781	あき先生、お疲れ様でしたー！
5056	1:24:16	@User_a2560b75	ダービー楽しみ
5056	1:24:16	@User_f068dad5	お疲れ様でした！今日もありがとうございました〜！
5056	1:24:16	@User_ec48c74f	あき先生もおつしず〜
5058	1:24:18	@User_590a2335	競馬だったら昼配信の可能性
5059	1:24:19	@User_476d8781	競馬、わかんねぇｗｗｗ
5060	1:24:20	@User_2658fed8	久々に賭けるか
5061	1:24:21	@User_8741c43d	馬券師しずく爆誕
5061	1:24:21	@User_82e93b33	高評価不可避
5072	1:24:32	@User_270496f5	お疲れ様でした
5078	1:24:38	@User_31fa983c	あき先生もお疲れ様でしたー！
5079	1:24:39	@aki5503	是非お楽しみに！では、おやすみなさい！おつしず〜
5082	1:24:42	@User_1e342ee5	しずく、○○を買え
5088	1:24:48	@User_270496f5	競馬分からんー
5089	1:24:49	@User_6c321aed	お疲れ様でした
5095	1:24:55	@User_8741c43d	お疲れ様でした
5101	1:25:01	@User_45aa867f	競馬配信でしずくさんの本気を見せてもらおうw
5106	1:25:06	@User_221e57a4	おやすみです～
